n,predite_f1,exact_f1,predite_f2,exact_f2,predite_f3,exact_f3,predite_f4,exact_f4
100,11.121212121212107,11,26.73543515967756,26,52.229556044064765,50,90.17444014784114,85
200,11.060301507537691,11,26.363829196232462,26,51.097192738775284,50,87.53279541377812,85
300,11.040133779264192,11,26.241697520161978,26,50.7276124906986,50,86.67667918663388,85
400,11.030075187969963,11,26.18095363722596,26,50.54427398324157,50,86.25309883541787,85
500,11.024048096192496,11,26.144609861004508,26,50.43473226830068,50,86.00037054354728,85
600,11.020033388981728,11,26.120423298708943,26,50.361895984315815,50,85.83247367100122,85
700,11.017167381974277,11,26.10316802462556,26,50.30996365000584,50,85.7128347211775,85
800,11.015018773467029,11,26.090237953887925,26,50.27106549112706,50,85.62326231774787,85
900,11.013348164627283,11,26.08018797304122,26,50.24084160640811,50,85.55368766063815,85
1000,11.012012012012004,11,26.072152232312476,26,50.21668153076429,50,85.49808630294146,85
1100,11.010919017288423,11,26.065580339807628,26,50.19692676973225,50,85.45263283364561,85
1200,11.01000834028356,11,26.0601056899652,26,50.18047310781377,50,85.41478142386956,85
1300,11.00923787528862,11,26.055474661920943,26,50.166556909479,50,85.38277209808328,85
1400,11.008577555396577,11,26.05150620707793,26,50.15463321063101,50,85.35534923420681,85
1500,11.00800533689115,11,26.048067624357937,26,50.14430267550786,50,85.33159297717076,85
1600,11.00750469043125,11,26.04505943168831,26,50.13526599846859,50,85.3108140374345,85
1700,11.007062978222741,11,26.042405583591524,26,50.12729442898894,50,85.29248571072297,85
1800,11.006670372429294,11,26.04004695339066,26,50.12021013880968,50,85.27619861047626,85
1900,11.00631911532316,11,26.03793687595288,26,50.11387279916305,50,85.26162972676148,85
2000,11.006003001500705,11,26.03603802901929,26,50.10817019117202,50,85.24852078693254,85
2100,11.005717008098873,11,26.034320206473456,26,50.10301150300451,50,85.2366628112635,85
2200,11.005457025920746,11,26.03275869948721,26,50.09832245766863,50,85.22588488869086,85
2300,11.005219660721465,11,26.031333100363895,26,50.09404171358535,50,85.21604588595933,85
2400,11.005002084201497,11,26.030026405679646,26,50.090118166169766,50,85.20702823308783,85
2500,11.004801920768829,11,26.028824334856697,26,50.086508897863325,50,85.19873320281438,85
2600,11.004617160445973,11,26.027714806105596,26,50.083177601790716,50,85.1910772811641,85
2700,11.004446091144398,11,26.026687528938652,26,50.08009335614365,50,85.18398934580588,85
2800,11.004287245444315,11,26.02573368404223,26,50.07722966148767,50,85.17740844995068,85
2900,11.004139358399781,11,26.02484566944583,26,50.074563677435165,50,85.17128206540303,85
3000,11.00400133377788,11,26.024016897485197,26,50.072075612182545,50,85.1655646775169,85
3100,11.00387221684455,11,26.02324163109962,26,50.06974823030116,50,85.16021665244052,85
3200,11.003751172241474,11,26.02251485083349,26,50.067566452905574,50,85.15520331703442,85
3300,11.003637465898704,11,26.021832146035994,26,50.065517030603786,50,85.1504942063184,85
3400,11.003530450133606,11,26.02118962528281,26,50.06358827419119,50,85.14606244383305,85
3500,11.003429551300675,11,26.020583842147474,26,50.06176983157478,50,85.14188422838936,85
3600,11.003334259516265,11,26.02001173336921,26,50.06005250190199,50,85.13793840646693,85
3700,11.003244120032678,11,26.019470567036226,26,50.058428079850174,50,85.13420611399155,85
3800,11.003158725980414,11,26.018957898967777,26,50.05688922453852,50,85.13067047477992,85
3900,11.003077712233763,11,26.018471535799403,26,50.05542934858549,50,85.12731634538343,85
4000,11.003000750188285,11,26.0180095036273,26,50.05404252388751,50,85.12413009830827,85
4100,11.002927543301706,11,26.017570021212883,26,50.052723401120055,50,85.12109943691338,85
4200,11.002857823290464,11,26.01715147705374,26,50.051467140811575,50,85.1182132368443,85
4300,11.002791346825902,11,26.016752409625703,26,50.05026935400544,50,85.11546140958299,85
4400,11.002727892704664,11,26.01637149032914,26,50.04912605100228,50,85.11283478459927,85
4500,11.002667259390314,11,26.016007508719106,26,50.04803359702183,50,85.11032500731122,85
4600,11.002609262882356,11,26.015659359660486,26,50.046988673547176,50,85.10792445026834,85
4700,11.00255373483642,11,26.01532603211309,26,50.045988244693284,50,85.10562613574402,85
4800,11.002500520941494,11,26.01500659931924,26,50.04502952770938,50,85.10342366799698,85
4900,11.002449479486405,11,26.014700210220663,26,50.04410996717709,50,85.10131117383956,85
5000,11.002400480096583,11,26.01440608185562,26,50.0432272122247,50,85.09928325032506,85
5100,11.002353402626904,11,26.01412349271312,26,50.04237909648831,50,85.09733491862448,85
5200,11.002308136179803,11,26.01385177679879,26,50.0415636203397,50,85.09546158319984,85
5300,11.002264578222054,11,26.013590318398105,26,50.04077893515411,50,85.09365899562393,85
5400,11.002222633819695,11,26.013338547424453,26,50.04002332931903,50,85.09192322238675,85
5500,11.002182214947243,11,26.01309593527705,26,50.03929521579898,50,85.09025061632333,85
5600,11.002143239863758,11,26.012861991116345,26,50.038593120951276,50,85.0886377909263,85
5700,11.002105632568048,11,26.012636258564477,26,50.03791567461469,50,85.08708159752634,85
5800,11.002069322298619,11,26.012418312726197,26,50.037261601178116,50,85.0855791047741,85
5900,11.002034243091959,11,26.01220775752202,26,50.03662971155117,50,85.08412758018463,85
6000,11.002000333386732,11,26.012004223294007,26,50.03601889596299,50,85.08272447356576,85
6100,11.001967535663459,11,26.01180736463817,26,50.03542811746432,50,85.08136740208155,85
6200,11.001935796096094,11,26.011616858414445,26,50.03485640599684,50,85.08005413669832,85
6300,11.001905064297473,11,26.011432402038455,26,50.034302853179966,50,85.07878259003647,85
6400,11.001875293013327,11,26.011253711824015,26,50.03376660739328,50,85.07755080524741,85
6500,11.001846437913942,11,26.011080521556433,26,50.03324686947633,50,85.07635694599098,85
6600,11.001818457340953,11,26.01091258115437,26,50.03274288869369,50,85.07519928726036,85
6700,11.001791312133143,11,26.01074965548031,26,50.03225395918956,50,85.07407620714135,85
6800,11.001764965438898,11,26.010591523232353,26,50.03177941662539,50,85.07298617917483,85
6900,11.001739382520261,11,26.010437975921906,26,50.03131863519083,50,85.07192776542226,85
7000,11.00171453064889,11,26.010288817005904,26,50.03087102486676,50,85.07089961018058,85
7100,11.001690378928394,11,26.010143860993654,26,50.03043602886959,50,85.0699004341608,85
7200,11.001666898180074,11,26.01000293272226,26,50.03001312138276,50,85.06892902920445,85
7300,11.001644060828697,11,26.00986586661239,26,50.029601805387905,50,85.06798425335789,85
7400,11.001621840789676,11,26.00973250605218,26,50.02920161078174,50,85.06706502647873,85
7500,11.001600213364222,11,26.00960270277419,26,50.028812092513824,50,85.0661703260235,85
7600,11.001579155151763,11,26.00947631631928,26,50.02843282896679,50,85.06529918330439,85
7700,11.001558643981502,11,26.00935321353223,26,50.02806342045282,50,85.0644506799963,85
7800,11.001538658803112,11,26.009233268078322,26,50.02770348777175,50,85.06362394487812,85
7900,11.001519179641674,11,26.009116360029246,26,50.027352670944396,50,85.06281815087883,85
8000,11.00150018752663,11,26.009002375455665,26,50.0270106279901,50,85.06203251228695,85
8100,11.001481664401963,11,26.008891206045462,26,50.02667703381745,50,85.06126628222067,85
8200,11.001463593121581,11,26.008782748786146,26,50.026351579211436,50,85.06051875025486,85
8300,11.001445957346748,11,26.008676905619946,26,50.02603396986504,50,85.05978924019809,85
8400,11.001428741516296,11,26.00857358315683,26,50.025723925479234,50,85.05907710812052,85
8500,11.001411930815435,11,26.00847269241981,26,50.02542117896065,50,85.0583817403502,85
8600,11.001395511103643,11,26.00837414855013,26,50.025125475625785,50,85.05770255179497,85
8700,11.001379468904668,11,26.008277870612723,26,50.024836572544494,50,85.05703898431995,85
8800,11.001363791340685,11,26.008183781334708,26,50.02455423778242,50,85.05639050510501,85
8900,11.001348466122002,11,26.008091806921534,26,50.024278249866725,50,85.05575660531322,85
9000,11.001333481498614,11,26.00800187685961,26,50.024008397150126,50,85.05513679874487,85
9100,11.001318826244393,11,26.007913923747264,26,50.02374447733585,50,85.05453062059118,85
9200,11.001304489616219,11,26.007827883092972,26,50.02348629685943,50,85.05393762622292,85
9300,11.001290461337092,11,26.007743693194257,26,50.023233670523986,50,85.05335739016984,85
9400,11.001276731565254,11,26.007661294981364,26,50.02298642102975,50,85.05278950508138,85
9500,11.001263290873236,11,26.00758063185079,26,50.02274437851516,50,85.05223358074234,85
9600,11.001250130224497,11,26.007501649571022,26,50.02250738020203,50,85.0516892432203,85
9700,11.001237240952923,11,26.007424296139607,26,50.02227527003005,50,85.05115613400095,85
9800,11.00122461475528,11,26.007348521694798,26,50.02204789833711,50,85.05063390922527,85
9900,11.00121224366127,11,26.00727427837362,26,50.021825121465625,50,85.050122238907,85
10000,11.001200120012799,11,26.007201520232208,26,50.021606801530965,50,85.04962080629015,85
10100,11.00118823645646,11,26.007130203144722,26,50.02139280611037,50,85.04912930715317,85
10200,11.001176585940357,11,26.007060284725068,26,50.021183007974734,50,85.0486474492154,85
10300,11.001165161667936,11,26.00699172422031,26,50.02097728483196,50,85.04817495155264,85
10400,11.001153957108396,11,26.00692448245353,26,50.020775519102216,50,85.04771154404618,85
10500,11.001142965993912,11,26.00685852174106,26,50.020577597689964,50,85.04725696688091,85
10600,11.001132182281266,11,26.00679380581826,26,50.020383411750124,50,85.04681097004116,85
10700,11.001121600148824,11,26.00673029977746,26,50.02019285652069,50,85.04637331284262,85
10800,11.001111213999193,11,26.00666797000363,26,50.02000583111373,50,85.04594376356549,85
10900,11.001101018439645,11,26.00660678411752,26,50.01982223836663,50,85.0455220989531,85
11000,11.001091008272736,11,26.00654671091972,26,50.01964198462154,50,85.04510810390032,85
11100,11.00108117848376,11,26.006487720320788,26,50.01946497961288,50,85.04470157103567,85
11200,11.001071524240627,11,26.00642978332629,26,50.01929113628864,50,85.04430230039819,85
11300,11.001062040889563,11,26.00637287196076,26,50.01912037069972,50,85.04391009911838,85
11400,11.00105272392119,11,26.00631695921898,26,50.018952601833035,50,85.04352478110154,85
11500,11.001043569006203,11,26.006262019054823,26,50.01878775147214,50,85.0431461667001,85
11600,11.001034571946038,11,26.0062080263066,26,50.01862574414496,50,85.04277408251436,85
11700,11.001025728696433,11,26.006154956681844,26,50.01846650690815,50,85.04240836100557,85
11800,11.001017035342741,11,26.006102786695774,26,50.01830996932685,50,85.04204884036575,85
11900,11.001008488108049,11,26.006051493679106,26,50.01815606333284,50,85.04169536422725,85
12000,11.001000083342245,11,26.00600105569066,26,50.01800472311082,50,85.04134778141999,85
12100,11.000991817507774,11,26.00595145153807,26,50.01785588502124,50,85.0410059457677,85
12200,11.000983687185043,11,26.005902660699505,26,50.01770948752772,50,85.0406697158949,85
12300,11.000975689078208,11,26.005854663351414,26,50.01756547110674,50,85.0403389550642,85
12400,11.0009678199836,11,26.005807440287423,26,50.017423778122065,50,85.04001353087807,85
12500,11.000960076806129,11,26.005760972913926,26,50.01728435277707,50,85.03969331521331,85
12600,11.000952456545372,11,26.005715243254656,26,50.0171471411005,50,85.03937818404982,85
12700,11.000944956294118,11,26.005670233853625,26,50.01701209077282,50,85.03906801720795,85
12800,11.000937573247255,11,26.005625927844022,26,50.016879151120506,50,85.03876269831284,85
12900,11.000930304675837,11,26.005582308866177,26,50.01674827304848,50,85.03846211457773,85
13000,11.000923147935888,11,26.005539361053057,26,50.01661940897878,50,85.03816615670736,85
13100,11.000916100464467,11,26.005497069035147,26,50.01649251276778,50,85.03787471871286,85
13200,11.000909159787996,11,26.005455417914643,26,50.01636753968525,50,85.03758769786704,85
13300,11.000902323480794,11,26.00541439322089,26,50.01624444634262,50,85.03730499445933,85
13400,11.000895589219969,11,26.005373980935676,26,50.01612319065223,50,85.03702651185925,85
13500,11.000888954740265,11,26.00533416744987,26,50.01600373176103,50,85.0367521561904,85
13600,11.000882417823227,11,26.005294939537126,26,50.015886030023424,50,85.03648183641731,85
13700,11.000875976348466,11,26.00525628439145,26,50.01577004695183,50,85.03621546411183,85
13800,11.000869628239402,11,26.00521818954669,26,50.015655745173746,50,85.03595295345957,85
13900,11.000863371468578,11,26.005180642911334,26,50.01554308839449,50,85.03569422106531,85
14000,11.000857204089158,11,26.005143632742794,26,50.01543204138378,50,85.03543918597077,85
14100,11.000851124187507,11,26.005107147602125,26,50.01532256982485,50,85.03518776945154,85
14200,11.000845129942022,11,26.005071176433436,26,50.015214640486604,50,85.034939895076,85
14300,11.00083921952136,11,26.005035708423463,26,50.015108220977865,50,85.03469548849228,85
14400,11.000833391212133,11,26.00500073310695,26,50.01500327984062,50,85.03445447742284,85
14500,11.000827643283602,11,26.004966240269802,26,50.01489978647441,50,85.03421679160161,85
14600,11.000821974107266,11,26.004932220004804,26,50.014797711138606,50,85.03398236269196,85
14700,11.000816382064084,11,26.00489866266643,26,50.01469702486049,50,85.03375112418225,85
14800,11.000810865601094,11,26.00486555887599,26,50.01459769951906,50,85.03352301143796,85
14900,11.000805423177612,11,26.004832899478853,26,50.0144997076755,50,85.03329796144598,85
15000,11.000800053339631,11,26.004800675629618,26,50.01440302268253,50,85.03307591297751,85
15100,11.000794754623465,11,26.004768878629296,26,50.014307618543334,50,85.03285680635635,85
15200,11.000789525628186,11,26.004737500069833,26,50.01421346997435,50,85.03264058351986,85
15300,11.00078436499306,11,26.0047065317366,26,50.01412055235535,50,85.03242718788348,85
15400,11.00077927137638,11,26.004675965650822,26,50.014028841702185,50,85.03221656437204,85
15500,11.000774243497771,11,26.0046457940245,26,50.01393831466351,50,85.03200865932975,85
15600,11.000769280088395,11,26.004616009267647,26,50.013848948464755,50,85.0318034204554,85
15700,11.000764379892148,11,26.00458660397182,26,50.013760720900045,50,85.03160079677747,85
15800,11.000759541744804,11,26.00455757096726,26,50.013673610395635,50,85.03140073865416,85
15900,11.000754764452966,11,26.004528903193915,26,50.01358759581444,50,85.03120319765745,85
16000,11.000750046877801,11,26.00450059380792,26,50.01350265662625,50,85.03100812654084,85
16100,11.000745387909214,11,26.004472636137447,26,50.013418772791724,50,85.03081547930404,85
16200,11.000740786467604,11,26.00444502367892,26,50.0133359247683,50,85.03062521105859,85
16300,11.000736241485638,11,26.004417750059563,26,50.01325409346635,50,85.0304372779813,85
16400,11.000731751938341,11,26.004390809095902,26,50.01317326030643,50,85.03025163736298,85
16500,11.000727316809122,11,26.004364194727167,26,50.01309340713496,50,85.03006824749818,85
16600,11.000722935120752,11,26.004337901055923,26,50.01301451623724,50,85.02988706772692,85
16700,11.000718605899666,11,26.004311922309647,26,50.01293657029863,50,85.0297080582953,85
16800,11.000714328233947,11,26.0042862528859,26,50.012859552469834,50,85.02953118046835,85
16900,11.000710101193519,11,26.004260887272682,26,50.012783446269275,50,85.02935639639138,85
17000,11.000705923875648,11,26.004235820116122,26,50.012708235600364,50,85.02918366909972,85
17100,11.000701795424474,11,26.004211046177947,26,50.01263390475408,50,85.02901296251368,85
17200,11.000697714980447,11,26.004186560348014,26,50.0125604383676,50,85.02884424135397,85
17300,11.000693681714289,11,26.00416235762975,26,50.01248782146784,50,85.0286774712171,85
17400,11.000689694812808,11,26.004138433130265,26,50.012416039404684,50,85.02851261845862,85
17500,11.000685753469927,11,26.004114782084514,26,50.012345077845936,50,85.0283496501557,85
17600,11.000681856918353,11,26.004091399828884,26,50.01227492278232,50,85.0281885342033,85
17700,11.00067800440526,11,26.004068281824434,26,50.01220556062913,50,85.02802923923079,85
17800,11.000674195176925,11,26.004045423597436,26,50.012136977914906,50,85.02787173447105,85
17900,11.000670428518385,11,26.004022820804476,26,50.01206916165726,50,85.02771598999458,85
18000,11.00066670370746,11,26.004000469177498,26,50.01200209902091,50,85.0275619763803,85
18100,11.000663020056548,11,26.003978364560876,26,50.01193577756334,50,85.02740966500562,85
18200,11.000659376885043,11,26.00395650287254,26,50.01187018501466,50,85.02725902773498,85
18300,11.000655773539494,11,26.00393488015278,26,50.01180530945515,50,85.02711003716414,85
18400,11.000652209354126,11,26.003913492465067,26,50.01174113916851,50,85.02696266639023,85
18500,11.000648683713703,11,26.00389233605413,26,50.01167766278289,50,85.02681688925989,85
18600,11.000645195981072,11,26.003871407139137,26,50.011614869004276,50,85.02667267989224,85
18700,11.000641745554098,11,26.00385070209215,26,50.011552746948524,50,85.02653001324822,85
18800,11.000638331821103,11,26.00383021731942,26,50.01149128586312,50,85.02638886466687,85
18900,11.000634954235425,11,26.003809949375537,26,50.01143047531111,50,85.02624921009478,85
19000,11.00063161218985,11,26.0037898947688,26,50.011370304921044,50,85.02611102584777,85
19100,11.000628305144573,11,26.003770050194678,26,50.01131076472406,50,85.02597428887742,85
19200,11.00062503255353,11,26.00375041236079,26,50.01125184482908,50,85.02583897656714,85
19300,11.000621793880448,11,26.00373097805029,26,50.01119353562271,50,85.02570506679653,85
19400,11.000618588583052,11,26.003711744105093,26,50.01113582760825,50,85.02557253779645,85
19500,11.000615416174686,11,26.003692707460335,26,50.01107871158544,50,85.02544136837919,85
19600,11.000612276138739,11,26.00367386508597,26,50.01102217846268,50,85.02531153769586,85
19700,11.000609167977068,11,26.00365521402919,26,50.010966219375575,50,85.0251830253818,85
19800,11.000606091224707,11,26.003636751387514,26,50.01091082563253,50,85.02505581144099,85
19900,11.000603045371099,11,26.003618474300694,26,50.01085598867777,50,85.02492987630718,85
20000,11.000600030000909,11,26.00360038003099,26,50.01080170019468,50,85.02480520079031,85
20100,11.00059704462557,11,26.003582465806865,26,50.01074795195507,50,85.02468176606516,85
20200,11.00059408881692,11,26.003564728980205,26,50.0106947359995,50,85.02455955376385,85
20300,11.000591162123975,11,26.003547166908604,26,50.01064204439884,50,85.0244385457315,85
20400,11.000588264128718,11,26.00352977703095,26,50.01058986945872,50,85.02431872430206,85
20500,11.000585394411356,11,26.00351255684722,26,50.01053820363132,50,85.02420007211784,85
20600,11.000582552544236,11,26.00349550383804,26,50.01048703947445,50,85.0240825721141,85
20700,11.000579738154501,11,26.003478615629835,26,50.01043636974658,50,85.02396620762589,85
20800,11.000576950815358,11,26.003461889818343,26,50.01038618729642,50,85.02385096222659,85
20900,11.000574190152259,11,26.00344532407449,26,50.010336485125144,50,85.02373681989039,85
21000,11.00057145578195,11,26.00342891611793,26,50.01028725639851,50,85.02362376484317,85
21100,11.000568747335226,11,26.003412663715487,26,50.01023849435362,50,85.0235117816228,85
21200,11.000566064433244,11,26.003396564632297,26,50.01019019239069,50,85.02340085505503,85
21300,11.000563406736443,11,26.003380616746924,26,50.01014234405829,50,85.0232909702586,85
21400,11.00056077386416,11,26.003364817908313,26,50.010094942937975,50,85.0231821126091,85
21500,11.000558165492166,11,26.003349166048693,26,50.010047982842686,50,85.02307426779764,85
21600,11.00055558128026,11,26.003333659146055,26,50.010001457617406,50,85.02296742173648,85
21700,11.00055302087732,11,26.00331829516138,26,50.00995536125678,50,85.0228615606325,85
21800,11.000550483965196,11,26.003303072148235,26,50.00990968788999,50,85.02275667092617,85
21900,11.000547970223566,11,26.003287988175654,26,50.00986443165315,50,85.02265273927915,85
22000,11.000545479334114,11,26.003273041334246,26,50.00981958689718,50,85.02254975263753,85
22100,11.000543010993365,11,26.003258229784077,26,50.0097751480601,50,85.02244769821885,85
22200,11.00054056488644,11,26.00324355168545,26,50.009731109634096,50,85.0223465633601,85
22300,11.0005381407195,11,26.003229005226714,26,50.00968746621049,50,85.0222463356972,85
22400,11.000535738199563,11,26.003214588660207,26,50.0096442125034,50,85.02214700311416,85
22500,11.000533357035014,11,26.003200300266624,26,50.00960134334119,50,85.02204855364843,85
22600,11.00053099694363,11,26.0031861383233,26,50.009558853602094,50,85.02195097555648,85
22700,11.000528657655762,11,26.00317210117244,26,50.00951673827911,50,85.02185425736523,85
22800,11.000526338869504,11,26.003158187154334,26,50.00947499243986,50,85.02175838771937,85
22900,11.000524040357183,11,26.003144394681083,26,50.0094336112462,50,85.02166335553892,85
23000,11.000521761814213,11,26.003130722138593,26,50.009392589923024,50,85.02156914985898,85
23100,11.00051950300784,11,26.00311716798847,26,50.00935192380552,50,85.02147575995566,85
23200,11.000517263677379,11,26.00310373069737,26,50.00931160831525,50,85.02138317528413,85
23300,11.000515043558563,11,26.003090408752385,26,50.00927163895099,50,85.02129138550507,85
23400,11.000512842424117,11,26.003077200687144,26,50.009232011227034,50,85.02120038036061,85
23500,11.000510660035347,11,26.003064105058936,26,50.00919272082105,50,85.02111014987659,85
23600,11.000508496118684,11,26.00305112038326,26,50.00915376340073,50,85.02102068417659,85
23700,11.000506350481052,11,26.00303824531397,26,50.00911513479828,50,85.02093197362487,85
23800,11.000504222862645,11,26.003025478439515,26,50.009076830842986,50,85.0208440086566,85
23900,11.00050211305524,11,26.00301281841623,26,50.009038847468055,50,85.02075677992856,85
24000,11.000500020831671,11,26.003000263902443,26,50.00900118067064,50,85.02067027822793,85
24100,11.00049794597518,11,26.002987813587186,26,50.008963826481505,50,85.02058449451239,85
24200,11.000495888261142,11,26.00297546617655,26,50.008926781073335,50,85.02049941989137,85
24300,11.000493847482822,11,26.00296322038777,26,50.00889004057758,50,85.02041504556213,85
24400,11.00049182343715,11,26.00295107499186,26,50.00885360128127,50,85.02033136296878,85
24500,11.00048981591012,11,26.002939028748436,26,50.00881745948028,50,85.02024836360556,85
24600,11.000487824706887,11,26.002927080456317,26,50.00878161157748,50,85.02016603916336,85
24700,11.000485849626385,11,26.00291522892034,26,50.008746053955484,50,85.02008438139565,85
24800,11.000483890486239,11,26.002903472969574,26,50.008710783151635,50,85.02000338231511,85
24900,11.00048194707365,11,26.002891811448325,26,50.00867579567795,50,85.01992303392774,85
25000,11.000480019199161,11,26.00288024320966,26,50.00864108810565,50,85.01984332840004,85
25100,11.000478106702934,11,26.002868767172764,26,50.0086066571265,50,85.01976425811154,85
25200,11.000476209377267,11,26.00285738222504,26,50.008572499470105,50,85.01968581547867,85
25300,11.000474327050128,11,26.002846087279046,26,50.008538611852735,50,85.01960799302731,85
25400,11.000472459540974,11,26.002834881274374,26,50.00850499109396,50,85.0195307834268,85
25500,11.000470606694796,11,26.00282376319087,26,50.00847163410016,50,85.01945417955892,85
25600,11.000468768301817,11,26.0028127319399,26,50.00843853767972,50,85.01937817419133,85
25700,11.000466944239314,11,26.002801786569734,26,50.00840569889882,50,85.01930276046943,85
25800,11.000465134314549,11,26.00279092604891,26,50.00837311468634,50,85.01922793139242,85
25900,11.0004633383585,11,26.00278014939821,26,50.00834078215121,50,85.01915368026462,85
26000,11.000461556217866,11,26.002769455640877,26,50.00830869830657,50,85.01908000036035,85
26100,11.00045978773528,11,26.00275884383285,26,50.008276860390254,50,85.01900688517202,85
26200,11.000458032750876,11,26.002748313049977,26,50.0082452655089,50,85.01893432818802,85
26300,11.00045629110973,11,26.00273786235157,26,50.00821391093957,50,85.01886232306829,85
26400,11.000454562670928,11,26.002727490833916,26,50.008182793931105,50,85.01879086352903,85
26500,11.000452847283004,11,26.002717197599715,26,50.008151911792154,50,85.01871994336452,85
26600,11.000451144778,11,26.002706981747426,26,50.008121261883566,50,85.01864955656781,85
26700,11.000449455041,11,26.00269684244631,26,50.008090841589905,50,85.01857969707056,85
26800,11.000447777904169,11,26.002686778807846,26,50.00806064832285,50,85.01851035897465,85
26900,11.00044611322955,11,26.00267678999315,26,50.008030679572414,50,85.01844153649056,85
27000,11.000444460906786,11,26.00266687518486,26,50.008000932869365,50,85.01837322392495,85
27100,11.000442820766532,11,26.00265703354637,26,50.00797140569845,50,85.01830541554752,85
27200,11.000441192695774,11,26.00264726427975,26,50.00794209566641,50,85.01823810586681,85
27300,11.000439576534463,11,26.00263756659401,26,50.00791300038869,50,85.01817128934532,85
27400,11.000437972191902,11,26.002627939703082,26,50.00788411751356,50,85.01810496060395,85
27500,11.000436379501611,11,26.002618382826732,26,50.007855444700795,50,85.0180391143574,85
27600,11.000434798359514,11,26.002608895194584,26,50.00782697970101,50,85.01797374529464,85
27700,11.000433228639086,11,26.002599476096325,26,50.007798720236806,50,85.01790884832995,85
27800,11.000431670200356,11,26.002590124741626,26,50.00777066410954,50,85.01784441828238,85
27900,11.000430122942435,11,26.0025808404391,26,50.00774280912257,50,85.01778045018597,85
28000,11.000428586732866,11,26.002571622455907,26,50.00771515312715,50,85.01771693907213,85
28100,11.000427061455524,11,26.002562470083213,26,50.007687693991166,50,85.01765388003852,85
28200,11.00042554700947,11,26.00255338264053,26,50.007660429617324,50,85.0175912683196,85
28300,11.000424043248083,11,26.00254435939838,26,50.007633357930246,50,85.01752909912909,85
28400,11.000422550095008,11,26.002535399735763,26,50.007606476973436,50,85.01746736788812,85
28500,11.000421067407892,11,26.002526502937112,26,50.00757978461936,50,85.01740606982729,85
28600,11.000419595088458,11,26.002517668362753,26,50.00755327895565,50,85.01734520051166,85
28700,11.000418133035595,11,26.002508895342572,26,50.007526958029715,50,85.01728475545302,85
28800,11.000416681131028,11,26.00250018326884,26,50.00750081989148,50,85.01722473020446,85
28900,11.000415239282443,11,26.00249153148565,26,50.00747486267558,50,85.01716512041199,85
29000,11.00041380737091,11,26.00248293936918,26,50.007449084491924,50,85.01710592178338,85
29100,11.000412385313524,11,26.002474406319152,26,50.00742348349502,50,85.01704713008212,85
29200,11.000410972978225,11,26.002465931698275,26,50.00739805783787,50,85.01698874107579,85
29300,11.000409570288756,11,26.002457514945984,26,50.0073728058135,50,85.0169307507595,85
29400,11.000408177142498,11,26.00244915544657,26,50.00734772554261,50,85.01687315496422,85
29500,11.000406793449402,11,26.00244085263353,26,50.007322815338924,50,85.01681594968497,85
29600,11.000405419092864,11,26.002432605912134,26,50.00729807345139,50,85.01675913096935,85
29700,11.000404054003553,11,26.002424414748486,26,50.00727349821954,50,85.01670269496647,85
29800,11.000402698080892,11,26.002416278551973,26,50.007249087944345,50,85.01664663777358,85
29900,11.000401351225822,11,26.002408196794345,26,50.00722484095548,50,85.0165909556047,85
30000,11.000400013340895,11,26.00240016890466,26,50.00720075561325,50,85.01653564467605,85
30100,11.0003986843421,11,26.00239219435263,26,50.00717683032738,50,85.01648070133164,85
30200,11.00039736415077,11,26.002384272626294,26,50.00715306350897,50,85.01642612188257,85
30300,11.000396052663483,11,26.002376403185725,26,50.00712945357865,50,85.0163719027344,85
30400,11.000394749829352,11,26.002368585537262,26,50.007105999028916,50,85.01631804039522,85
30500,11.00039345553076,11,26.002360819150084,26,50.00708269827427,50,85.01626453127552,85
30600,11.000392169668965,11,26.002353103500216,26,50.00705954979061,50,85.01621137188869,85
30700,11.000390892217316,11,26.002345438156276,26,50.00703655216183,50,85.01615855892523,85
30800,11.000389623042977,11,26.002337822579676,26,50.007013703881135,50,85.01610608893235,85
30900,11.000388362085378,11,26.002330256298265,26,50.00699100349833,50,85.01605395857334,85
31000,11.000387109266244,11,26.002322738814872,26,50.00696844957039,50,85.01600216462732,85
31100,11.000385864494564,11,26.002315269707466,26,50.006946040721445,50,85.01595070376763,85
31200,11.000384627713212,11,26.002307848467954,26,50.00692377553773,50,85.0158995728625,85
31300,11.000383398828316,11,26.002300474643636,26,50.00690165261322,50,85.0158487686907,85
31400,11.000382177776713,11,26.00229314780016,26,50.00687967062424,50,85.01579828816767,85
31500,11.000380964463556,11,26.002285867466234,26,50.0068578282059,50,85.01574812818936,85
31600,11.00037975884607,11,26.002278633231622,26,50.00683612406491,50,85.01569828573273,85
31700,11.000378560837643,11,26.00227144464641,26,50.0068145568796,50,85.01564875777314,85
31800,11.000377370360168,11,26.00226430125605,26,50.0067931253077,50,85.015599541347,85
31900,11.00037618733891,11,26.00225720266893,26,50.00677182815354,50,85.01555063353207,85
32000,11.000375011715047,11,26.00225014843333,26,50.006750664076364,50,85.01550203142361,85
32100,11.000373843421045,11,26.002243138172272,26,50.0067296319242,50,85.01545373217644,85
32200,11.000372682378774,11,26.00223617145988,26,50.00670873044099,50,85.01540573300967,85
32300,11.000371528535265,11,26.002229247878333,26,50.00668795833773,50,85.01535803105959,85
32400,11.000370381796598,11,26.00222236702185,26,50.006667314469055,50,85.01531062354749,85
32500,11.000369242135577,11,26.002215528526122,26,50.00664679767773,50,85.01526350789162,85
32600,11.000368109438984,11,26.002208731971507,26,50.00662640674109,50,85.01521668125807,85
32700,11.00036698368964,11,26.002201977009523,26,50.0066061405415,50,85.01517014110158,85
32800,11.000365864811346,11,26.002195263240452,26,50.006585997945066,50,85.01512388476061,85
32900,11.000364752726469,11,26.002188590271267,26,50.00656597780226,50,85.01507790963284,85
33000,11.000363647390767,11,26.002181957763643,26,50.006546079010796,50,85.0150322132164,85
33100,11.00036254870759,11,26.002175365313818,26,50.00652630044002,50,85.01498679290586,85
33200,11.000361456670886,11,26.00216881260667,26,50.006506641056646,50,85.0149416462763,85
33300,11.000360371185453,11,26.00216229924725,26,50.00648709975688,50,85.01489677082522,85
33400,11.000359292195428,11,26.002155824885943,26,50.006467675462694,50,85.01485216409584,85
33500,11.000358219649586,11,26.002149389185913,26,50.0064483671489,50,85.01480782371465,85
33600,11.000357153490262,11,26.002142991786258,26,50.006429173807454,50,85.01476374733113,85
33700,11.000356093655169,11,26.00213663235801,26,50.00641009433995,50,85.01471993254307,85
33800,11.000355040099883,11,26.002130310574852,26,50.00639112781221,50,85.01467637705512,85
33900,11.000353992749222,11,26.002124026075748,26,50.00637227316383,50,85.01463307853517,85
34000,11.000352951553447,11,26.00211777854771,26,50.00635352942597,50,85.01459003472503,85
34100,11.000351916481112,11,26.002111567666166,26,50.006334895678,50,85.01454724349598,85
34200,11.00035088745292,11,26.002105393121596,26,50.006316370893174,50,85.01450470244795,85
34300,11.00034986443245,11,26.002099254574293,26,50.00629795412058,50,85.01446240954687,85
34400,11.000348847352354,11,26.002093151711417,26,50.00627964443723,50,85.0144203625032,85
34500,11.000347836167554,11,26.00208708423226,26,50.00626144090312,50,85.01437855928299,85
34600,11.000346830842169,11,26.002081051829492,26,50.00624334263469,50,85.01433699774239,85
34700,11.00034583129767,11,26.002075054200752,26,50.00622534864827,50,85.01429567575653,85
34800,11.00034483749922,11,26.002069091045122,26,50.006207458102615,50,85.01425459127334,85
34900,11.000343849398234,11,26.00206316205557,26,50.00618967007692,50,85.01421374223472,85
35000,11.000342866941912,11,26.002057266946263,26,50.00617198369063,50,85.01417312667668,85
35100,11.000341890077122,11,26.00205140542971,26,50.006154398128096,50,85.01413274257264,85
35200,11.000340918760186,11,26.00204557721298,26,50.00613691247972,50,85.0140925879487,85
35300,11.000339952966849,11,26.002039782040956,26,50.00611952589414,50,85.01405266086054,85
35400,11.000338992621845,11,26.002034019586993,26,50.00610223756383,50,85.01401295937139,85
35500,11.000338037698702,11,26.00202828962946,26,50.00608504663564,50,85.01397348156328,85
35600,11.000337088113747,11,26.002022591839967,26,50.00606795229762,50,85.01393422559786,85
35700,11.000336143866035,11,26.002016925992088,26,50.00605095373654,50,85.01389518956204,85
35800,11.000335204897445,11,26.00201129180002,26,50.00603405015032,50,85.01385637164115,85
35900,11.000334271141723,11,26.00200568896177,26,50.00601724072877,50,85.0138177700079,85
36000,11.000333342594347,11,26.002000117290986,26,50.00600052472189,50,85.01377938284928,85
36100,11.000332419177138,11,26.00199457647826,26,50.005983901329074,50,85.01374120839196,85
36200,11.000331500859847,11,26.00198906626238,26,50.00596736975902,50,85.01370324484564,85
36300,11.000330587620546,11,26.00198358643117,26,50.00595092931108,50,85.01366549049264,85
36400,11.000329679389191,11,26.00197813670919,26,50.00593457919914,50,85.01362794361725,85
36500,11.000328776130054,11,26.00197271683397,26,50.00591831866023,50,85.01359060247223,85
36600,11.000327877825969,11,26.00196732660513,26,50.0059021470204,50,85.01355346547463,85
36700,11.000326984384898,11,26.00196196571425,26,50.00588606346006,50,85.01351653078117,85
36800,11.000326095818696,11,26.00195663398865,26,50.0058700673719,50,85.01347979692301,85
36900,11.0003252120684,11,26.001951331155823,26,50.00585415796282,50,85.013443262136,85
37000,11.000324333091598,11,26.00194605697771,26,50.00583833458447,50,85.01340692489352,85
37100,11.000323458862677,11,26.00194081125138,26,50.005822596505055,50,85.01337078354842,85
37200,11.000322589321463,11,26.0019355937146,26,50.00580694302835,50,85.01333483651601,85
37300,11.0003217244328,11,26.001930404140424,26,50.00579137349042,50,85.0132990822488,85
37400,11.000320864195231,11,26.001925242371037,26,50.00577588724389,50,85.01326351922988,85
37500,11.000320008522817,11,26.00192010807317,26,50.005760483579444,50,85.01322814589278,85
37600,11.00031915741725,11,26.001915001124075,26,50.005745161863096,50,85.01319296071576,85
37700,11.000318310841404,11,26.00190992128386,26,50.00572992147487,50,85.01315796228396,85
37800,11.000317468716732,11,26.00190486829891,26,50.00571476166238,50,85.01312314897474,85
37900,11.00031663104265,11,26.00189984196498,26,50.00569968188878,50,85.01308851940829,85
38000,11.000315797787918,11,26.001894842111085,26,50.005684681481505,50,85.01305407215608,85
38100,11.000314968902929,11,26.001889868506993,26,50.00566975984241,50,85.01301980574551,85
38200,11.000314144340695,11,26.001884920904985,26,50.00565491627094,50,85.01298571868973,85
38300,11.000313324101553,11,26.00187999918855,26,50.00564015029904,50,85.01295180973268,85
38400,11.00031250813788,11,26.001875103088594,26,50.00562546118723,50,85.01291807736915,85
38500,11.000311696400493,11,26.001870232429447,26,50.005610848408644,50,85.01288452027381,85
38600,11.00031088889437,11,26.001865387018807,26,50.00559631136935,50,85.01285113711172,85
38700,11.00031008553114,11,26.001860566617516,26,50.00558184941205,50,85.0128179263776,85
38800,11.00030928632818,11,26.001855771072613,26,50.005567462018,50,85.01278488691777,85
38900,11.000308491215682,11,26.001851000188996,26,50.00555314861054,50,85.01275201731798,85
39000,11.000307700193563,11,26.001846253776606,26,50.005538908636865,50,85.01271931634876,85
39100,11.000306913217356,11,26.001841531654925,26,50.00552474150356,50,85.01268678264951,85
39200,11.000306130252056,11,26.001836833614043,26,50.005510646624195,50,85.01265441493413,85
39300,11.000305351278797,11,26.001832159488547,26,50.00549662349393,50,85.01262221195131,85
39400,11.000304576262268,11,26.00182750908381,26,50.005482671563975,50,85.01259017248339,85
39500,11.000303805159302,11,26.001822882228385,26,50.005468790258895,50,85.0125582952335,85
39600,11.00030303794515,11,26.001818278739155,26,50.00545497909956,50,85.01252657902728,85
39700,11.000302274624767,11,26.001813698469814,26,50.005441237524046,50,85.01249502259267,85
39800,11.000301515116101,11,26.001809141192098,26,50.005427564997255,50,85.01246362474701,85
39900,11.000300759419554,11,26.0018046067676,26,50.005413961007115,50,85.01243238433453,85
40000,11.000300007503576,11,26.001800095006885,26,50.00540042504737,50,85.01240130012964,85
40100,11.000299259333215,11,26.001795605753536,26,50.00538695657785,50,85.01237037095018,85
40200,11.000298514885708,11,26.00179113883554,26,50.00537355511802,50,85.01233959564289,85
40300,11.000297774141702,11,26.00178669410097,26,50.005360220230095,50,85.01230897312912,85
40400,11.000297037060637,11,26.00178227136004,26,50.00534695130002,50,85.01227850219783,85
40500,11.000296303614222,11,26.00177787044313,26,50.00533374791776,50,85.01224818177644,85
40600,11.000295573793363,11,26.001773491241707,26,50.00532060959602,50,85.012218010728,85
40700,11.000294847538367,11,26.001769133523894,26,50.00530753581932,50,85.0121879879392,85
40800,11.000294124867443,11,26.0017647972184,26,50.005294526202405,50,85.01215811239129,85
40900,11.000293405714189,11,26.001760482071465,26,50.00528158012875,50,85.01212838290748,85
41000,11.00029269006313,11,26.001756187990647,26,50.005268697239636,50,85.01209879843383,85
41100,11.000291977895603,11,26.00175191479134,26,50.005255877035935,50,85.01206935796817,85
41200,11.00029126919887,11,26.00174766236039,26,50.00524311907789,50,85.0120400604241,85
41300,11.0002905639364,11,26.001743430533246,26,50.00523042291729,50,85.01201090477025,85
41400,11.000289862072874,11,26.001739219134766,26,50.00521778806542,50,85.01198189000623,85
41500,11.00028916359034,11,26.001735028020622,26,50.00520521412636,50,85.01195301503672,85
41600,11.000288468472258,11,26.00173085705466,26,50.00519270062744,50,85.01192427889018,85
41700,11.0002877766966,11,26.00172670612295,26,50.00518024719909,50,85.0118956806908,85
41800,11.000287088207942,11,26.001722575041306,26,50.005167853334996,50,85.01186721926096,85
41900,11.000286403017087,11,26.001718463670812,26,50.005155518618515,50,85.01183889368792,85
42000,11.000285721089968,11,26.00171437188112,26,50.00514324264941,50,85.0118107030104,85
42100,11.000285042403195,11,26.001710299550616,26,50.00513102504421,50,85.01178264636792,85
42200,11.0002843669325,11,26.00170624649632,26,50.00511886529139,50,85.01175472258326,85
42300,11.000283694657412,11,26.001702212614088,26,50.005106763041155,50,85.01172693088692,85
42400,11.00028302553074,11,26.001698197752535,26,50.00509471788635,50,85.01169927027523,85
42500,11.000282359579685,11,26.001694201792738,26,50.005082729404414,50,85.01167173985944,85
42600,11.000281696745951,11,26.00169022459192,26,50.005070797251946,50,85.01164433872562,85
42700,11.000281037034057,11,26.001686266044864,26,50.005058920999936,50,85.0116170659562,85
42800,11.00028038038142,11,26.001682325965625,26,50.00504710018517,50,85.01158992058981,85
42900,11.000279726786179,11,26.00167840424857,26,50.00503533451006,50,85.01156290179746,85
43000,11.000279076255396,11,26.001674500802526,26,50.005023623606036,50,85.01153600872694,85
43100,11.000278428742963,11,26.001670615464914,26,50.005011967004194,50,85.01150924045027,85
43200,11.000277784196962,11,26.001666748116033,26,50.005000364383704,50,85.01148259608794,85
43300,11.000277142665354,11,26.00166289862197,26,50.004988815362154,50,85.01145607481946,85
43400,11.0002765040731,11,26.001659066897076,26,50.0049773195769,50,85.01142967581933,85
43500,11.00027586840668,11,26.00165525274527,26,50.0049658766034,50,85.01140339811008,85
43600,11.00027523568093,11,26.001651456120143,26,50.004954486177255,50,85.01137724104004,85
43700,11.000274605818078,11,26.001647676845387,26,50.004943147856665,50,85.01135120367142,85
43800,11.000273978858228,11,26.001643914851595,26,50.00493186131712,50,85.01132528516871,85
43900,11.000273354758452,11,26.00164016999723,26,50.00492062623106,50,85.01129948484649,85
44000,11.000272733465113,11,26.001636442136224,26,50.00490944216056,50,85.01127380172706,85
44100,11.000272115019033,11,26.00163273124037,26,50.00489830887438,50,85.01124823513709,85
44200,11.000271499365184,11,26.00162903709648,26,50.00488722594815,50,85.0112227842355,85
44300,11.00027088647211,11,26.00162535961419,26,50.00487619301313,50,85.01119744820618,85
44400,11.000270276356849,11,26.001621698738642,26,50.00486520982595,50,85.0111722263521,85
44500,11.000269668976799,11,26.001618054292877,26,50.00485427601337,50,85.01114711788976,85
44600,11.00026906432808,11,26.001614426194333,26,50.00484339118964,50,85.01112212196799,85
44700,11.00026846238891,11,26.001610814331904,26,50.00483255513031,50,85.01109723796304,85
44800,11.00026786310698,11,26.001607218590546,26,50.0048217673812,50,85.01107246497652,85
44900,11.000267266543673,11,26.00160363890109,26,50.00481102776441,50,85.01104780244569,85
45000,11.00026667257809,11,26.001600075036013,26,50.004800335797036,50,85.01102324944576,85
45100,11.000266081293063,11,26.001596527053277,26,50.00478969129369,50,85.0109988053593,85
45200,11.00026549259355,11,26.00159299476268,26,50.00477909395354,50,85.01097446952157,85
45300,11.000264906513959,11,26.00158947804999,26,50.00476854332383,50,85.01095024105138,85
45400,11.000264323017973,11,26.00158597683751,26,50.0047580392016,50,85.01092611935323,85
45500,11.000263742060925,11,26.001582491018894,26,50.00474758124764,50,85.01090210371414,85
45600,11.000263163670713,11,26.00157902047907,26,50.004737169147084,50,85.01087819334306,85
45700,11.000262587814145,11,26.001575565139873,26,50.0047268026554,50,85.01085438770757,85
45800,11.000262014449673,11,26.00157212485371,26,50.004716481350215,50,85.01083068593465,85
45900,11.000261443596104,11,26.00156869959138,26,50.00470620512375,50,85.0108070875537,85
46000,11.000260875236219,11,26.001565289208486,26,50.00469597352244,50,85.01078359169928,85
46100,11.000260309331761,11,26.001561893659172,26,50.00468578636772,50,85.01076019789029,85
46200,11.00025974587192,11,26.001558512776676,26,50.0046756432718,50,85.01073690528796,85
46300,11.00025918485052,11,26.00155514648282,26,50.004665543990285,50,85.01071371331182,85
46400,11.00025862626607,11,26.00155179472717,26,50.004655488258855,50,85.01069062133341,85
46500,11.000258070067613,11,26.001548457389298,26,50.00464547579843,50,85.01066762870981,85
46600,11.000257516257667,11,26.00154513438153,26,50.0046355062737,50,85.01064473470079,85
46700,11.000256964809864,11,26.001541825566367,26,50.00462557945847,50,85.01062193879983,85
46800,11.00025641574397,11,26.001538530958637,26,50.004615695107155,50,85.01059924032911,85
46900,11.000255868993618,11,26.001535250347064,26,50.00460585286606,50,85.01057663867473,85
47000,11.000255324585408,11,26.001531983724934,26,50.00459605255932,50,85.01055413319102,85
47100,11.00025478248827,11,26.001528730947246,26,50.00458629382495,50,85.01053172324768,85
47200,11.000254242670485,11,26.00152549194932,26,50.00457657641676,50,85.01050940827716,85
47300,11.000253705149579,11,26.001522266668946,26,50.00456690016906,50,85.0104871876838,85
47400,11.000253169903386,11,26.001519054993775,26,50.004557264671206,50,85.01046506084876,85
47500,11.000252636919734,11,26.001515856871602,26,50.004547669861104,50,85.01044302724895,85
47600,11.000252106141067,11,26.00151267212607,26,50.00453811527328,50,85.01042108613315,85
47700,11.000251577601658,11,26.001509500773082,26,50.00452860077603,50,85.01039923705977,85
47800,11.00025105127999,11,26.001506342683296,26,50.00451912610811,50,85.0103774794548,85
47900,11.000250527156677,11,26.001503197782657,26,50.004509690973194,50,85.01035581267975,85
48000,11.000250005203823,11,26.00150006596775,26,50.0045002951461,50,85.0103342361482,85
48100,11.00024948543568,11,26.00149694719632,26,50.00449093843631,50,85.01031274940418,85
48200,11.000248967818115,11,26.00149384134878,26,50.004481620485016,50,85.01029135178648,85
48300,11.000248452343188,11,26.001490748377627,26,50.004472341171066,50,85.01027004275933,85
48400,11.000247939013299,11,26.00148766821143,26,50.004463100258754,50,85.01024882190829,85
48500,11.000247427771315,11,26.00148460070082,26,50.00445389732144,50,85.01022768843035,85
48600,11.00024691865912,11,26.001481545838917,26,50.004444732349334,50,85.01020664196368,85
48700,11.000246411642925,11,26.001478503530315,26,50.00443560500231,50,85.01018568198948,85
48800,11.000245906674795,11,26.001475473660662,26,50.00442651506711,50,85.01016480789829,85
48900,11.000245403795669,11,26.001472456215907,26,50.0044174622959,50,85.01014401919012,85
49000,11.000244902970339,11,26.001469451071202,26,50.00440844649842,50,85.0101233153588,85
49100,11.000244404152102,11,26.001466458164224,26,50.00439946741185,50,85.01010269584842,85
49200,11.000243907411,11,26.00146347745761,26,50.004390524858565,50,85.01008216016508,85
49300,11.00024341263399,11,26.001460508775033,26,50.004381618517165,50,85.01006170776269,85
49400,11.00024291989053,11,26.001457552139836,26,50.00437274823918,50,85.01004133815769,85
49500,11.000242429137689,11,26.001454607491347,26,50.00436391389706,50,85.01002105094105,85
49600,11.000241940359428,11,26.00145167468953,26,50.00435511512565,50,85.0100008455285,85
49700,11.000241453536521,11,26.001448753685263,26,50.0043463517557,50,85.00998072140999,85
49800,11.000240968707358,11,26.001445844443875,26,50.00433762360586,50,85.00996067808977,85
49900,11.000240485788465,11,26.001442946817907,26,50.00432893042173,50,85.00994071515606,85
50000,11.000240004814769,11,26.001440060817984,26,50.004320272036054,50,85.00992083206265,85
50100,11.000239525729413,11,26.00143718630296,26,50.00431164816957,50,85.00990102831685,85
50200,11.000239048597422,11,26.00143432328494,26,50.00430305869176,50,85.00988130351085,85
50300,11.000238573330499,11,26.001431471590198,26,50.00429450334893,50,85.00986165710785,85
50400,11.000238099954075,11,26.001428631260193,26,50.004285981986676,50,85.00984208873157,85
50500,11.000237628462674,11,26.001425802172534,26,50.00427749434927,50,85.00982259779835,85
50600,11.000237158833663,11,26.0014229842584,26,50.00426904029768,50,85.00980318397269,85
50700,11.000236691052402,11,26.001420177475005,26,50.004260619602626,50,85.00978384673967,85
50800,11.000236225120798,11,26.001417381721243,26,50.00425223199443,50,85.00976458552978,85
50900,11.00023576102638,11,26.001414596989726,26,50.004243877428316,50,85.00974540013424,85
51000,11.000235298725189,11,26.00141182312991,26,50.0042355555318,50,85.0097262899101,85
51100,11.000234838243575,11,26.00140906016442,26,50.00422726625962,50,85.00970725451377,85
51200,11.000234379579423,11,26.001406307989487,26,50.00421900943656,50,85.00968829352603,85
51300,11.000233922701875,11,26.001403566533206,26,50.00421078471068,50,85.00966940636019,85
51400,11.000233467579587,11,26.00140083574446,26,50.00420259204242,50,85.00965059280296,85
51500,11.000233014223605,11,26.0013981155531,26,50.00419443114164,50,85.00963185224325,85
51600,11.000232562650549,11,26.00139540592137,26,50.00418630192929,50,85.00961318437027,85
51700,11.000232112819532,11,26.001392706763852,26,50.00417820411475,50,85.00959458866585,85
51800,11.000231664712114,11,26.001390018062057,26,50.00417013763092,50,85.00957606480495,85
51900,11.000231218318119,11,26.001387339663406,26,50.0041621021812,50,85.00955761234943,85
52000,11.000230773664587,11,26.001384671591715,26,50.00415409764149,50,85.00953923083377,85
52100,11.000230330729371,11,26.001382013782855,26,50.00414612386526,50,85.00952091992104,85
52200,11.000229889455152,11,26.00137936612444,26,50.00413818058478,50,85.00950267906516,85
52300,11.000229449885556,11,26.00137672860059,26,50.00413026771783,50,85.00948450809271,85
52400,11.000229012003235,11,26.001374101153235,26,50.004122385043736,50,85.00946640641534,85
52500,11.000228575790489,11,26.00137148372253,26,50.004114532476,50,85.0094483737574,85
52600,11.00022814123218,11,26.001368876241006,26,50.00410670966073,50,85.00943040959554,85
52700,11.000227708301136,11,26.00136627863938,26,50.00409891658848,50,85.009412513686,85
52800,11.000227277037176,11,26.001363690899307,26,50.00409115299377,50,85.00939468551924,85
52900,11.000226847397984,11,26.00136111293054,26,50.004083418816684,50,85.00937692481966,85
53000,11.000226419349541,11,26.001358544670296,26,50.00407571376359,50,85.00935923105669,85
53100,11.000225992972313,11,26.001355986130708,26,50.00406803780011,50,85.00934160404367,85
53200,11.00022556816112,11,26.001353437175087,26,50.00406039066936,50,85.00932404322667,85
53300,11.000225144951798,11,26.001350897806503,26,50.00405277225082,50,85.0093065483941,85
53400,11.00022472331208,11,26.001348367902327,26,50.00404518229491,50,85.0092891189657,85
53500,11.000224303259728,11,26.001345847498158,26,50.00403762075441,50,85.0092717547969,85
53600,11.000223884785669,11,26.00134333649181,26,50.004030087465104,50,85.00925445540358,85
53700,11.000223467847775,11,26.001340834844726,26,50.004022582204335,50,85.009237220418,85
53800,11.0002230524691,11,26.001338342481024,26,50.0040151048517,50,85.00922004956298,85
53900,11.000222638636782,11,26.001335859347048,26,50.00400765521069,50,85.00920294232402,85
54000,11.000222226325672,11,26.001333385459514,26,50.00400023319967,50,85.00918589854638,85
54100,11.0002218155613,11,26.001330920683973,26,50.00399283860689,50,85.00916891772695,85
54200,11.00022140631504,11,26.001328465040288,26,50.00398547132392,50,85.00915199957382,85
54300,11.000220998560883,11,26.001326018420755,26,50.003978131208044,50,85.00913514378209,85
54400,11.000220592305654,11,26.00132358079426,26,50.0039708180215,50,85.00911834995533,85
54500,11.000220187531847,11,26.00132115210417,26,50.003963531715144,50,85.00910161775936,85
54600,11.000219784239828,11,26.001318732304455,26,50.003956272054275,50,85.00908494683163,85
54700,11.000219382438898,11,26.00131632135374,26,50.003949038999686,50,85.00906833693631,85
54800,11.000218982101737,11,26.001313919233613,26,50.00394183228959,50,85.00905178754839,85
54900,11.000218583209795,11,26.00131152583303,26,50.003934651809494,50,85.00903529846397,85
55000,11.000218185786956,11,26.001309141149,26,50.00392749750197,50,85.00901886942766,85
55100,11.00021778980816,11,26.001306765128525,26,50.003920369159225,50,85.00900250000376,85
55200,11.000217395247995,11,26.00130439771718,26,50.00391326666687,50,85.0089861899177,85
55300,11.000217002096043,11,26.001302038828435,26,50.00390618980228,50,85.00896993877248,85
55400,11.000216610415448,11,26.001299688521712,26,50.003899138534955,50,85.00895374633329,85
55500,11.00021622011252,11,26.00129734665254,26,50.003892112677136,50,85.00893761224278,85
55600,11.000215831219265,11,26.00129501319167,26,50.003885112055194,50,85.00892153620501,85
55700,11.000215443718288,11,26.001292688133407,26,50.003878136590274,50,85.00890551786578,85
55800,11.000215057613586,11,26.0012903713781,26,50.00387118613182,50,85.00888955691413,85
55900,11.000214672884198,11,26.00128806294853,26,50.003864260525305,50,85.0088736531295,85
56000,11.000214289558592,11,26.001285762792076,26,50.003857359711674,50,85.00885780618363,85
56100,11.000213907565623,11,26.001283470780045,26,50.0038504834791,50,85.00884201568952,85
56200,11.000213526945796,11,26.001281186931628,26,50.003843631686294,50,85.00882628136324,85
56300,11.000213147645983,11,26.0012789111777,26,50.00383680422563,50,85.00881060293102,85
56400,11.000212769737765,11,26.001276643547914,26,50.00383000103605,50,85.00879498018601,85
56500,11.000212393123705,11,26.00127438388301,26,50.00382322183997,50,85.00877941263113,85
56600,11.00021201790033,11,26.0012721322605,26,50.003816466719655,50,85.00876390021837,85
56700,11.000211643963256,11,26.001269888581255,26,50.00380973535226,50,85.00874844243978,85
56800,11.000211271333333,11,26.001267652744566,26,50.00380302766227,50,85.00873303910558,85
56900,11.00021090001246,11,26.00126542481236,26,50.00379634360886,50,85.00871768996173,85
57000,11.000210530008731,11,26.00126320468159,26,50.00378968298374,50,85.00870239458804,85
57100,11.000210161288946,11,26.001260992330018,26,50.00378304573301,50,85.00868715290095,85
57200,11.000209793860805,11,26.00125878770264,26,50.003776431590246,50,85.00867196441335,85
57300,11.000209427751003,11,26.001256590806822,26,50.003769840653554,50,85.00865682904238,85
57400,11.0002090628652,11,26.001254401534407,26,50.00376327259854,50,85.00864174633539,85
57500,11.000208699293383,11,26.001252219916108,26,50.00375672744078,50,85.00862671610537,85
57600,11.000208336940583,11,26.00125004579016,26,50.00375020495045,50,85.00861173806233,85
57700,11.00020797589039,11,26.001247879300315,26,50.00374370514983,50,85.00859681198531,85
57800,11.000207616047168,11,26.00124572023117,26,50.00373722775093,50,85.00858193749228,85
57900,11.000207257478394,11,26.001243568654264,26,50.00373077277626,50,85.00856711444032,85
58000,11.000206900139196,11,26.00124142450561,26,50.0037243400851,50,85.0085523425094,85
58100,11.000206543981028,11,26.00123928767482,26,50.0037179294624,50,85.00853762137496,85
58200,11.000206189090571,11,26.0012371582438,26,50.003711540934766,50,85.00852295082747,85
58300,11.000205835415814,11,26.00123503610652,26,50.00370517431306,50,85.00850833068623,85
58400,11.00020548297233,11,26.001232921278646,26,50.00369882955361,50,85.00849376059199,85
58500,11.000205131723717,11,26.001230813671246,26,50.00369250640231,50,85.00847924028172,85
58600,11.00020478164946,11,26.001228713213532,26,50.00368620485469,50,85.00846476957305,85
58700,11.000204432784168,11,26.001226619931234,26,50.00367992476718,50,85.00845034816966,85
58800,11.00020408509402,11,26.001224533751582,26,50.003673666051675,50,85.00843597573213,85
58900,11.000203738597152,11,26.001222454679024,26,50.00366742861725,50,85.00842165222734,85
59000,11.000203393265847,11,26.00122038265181,26,50.00366121230464,50,85.00840737724363,85
59100,11.000203049140973,11,26.001218317652945,26,50.00365501704968,50,85.00839315055491,85
59200,11.000202706112386,11,26.001216259572594,26,50.003648842667324,50,85.00837897192204,85
59300,11.000202364292917,11,26.001214208483788,26,50.003642689153416,50,85.00836484111245,85
59400,11.000202023614689,11,26.001212164294465,26,50.00363655636315,50,85.0083507578837,85
59500,11.00020168405218,11,26.00121012695748,26,50.00363044419484,50,85.00833672204969,85
59600,11.000201345655684,11,26.001208096484223,26,50.00362435252418,50,85.00832273323617,85
59700,11.000201008382914,11,26.00120607277939,26,50.00361828119737,50,85.0083087912869,85
59800,11.00020067225426,11,26.001204055885793,26,50.00361223027664,50,85.0082948960299,85
59900,11.000200337226959,11,26.001202045706176,26,50.00360619954991,50,85.0082810471909,85
60000,11.00020000333445,11,26.001200042228554,26,50.00360018888819,50,85.00826724446576,85
60100,11.00019967055023,11,26.00119804542683,26,50.003594198226395,50,85.00825348765704,85
60200,11.000199338847514,11,26.001196055220614,26,50.00358822749695,50,85.00823977664166,85
60300,11.000199008262822,11,26.00119407164211,26,50.00358227658299,50,85.00822611106683,85
60400,11.000198678789218,11,26.001192094649326,26,50.00357634531796,50,85.00821249072376,85
60500,11.000198350375957,11,26.001190124152306,26,50.00357043370014,50,85.00819891538768,85
60600,11.000198023082856,11,26.001188160214603,26,50.00356454158459,50,85.00818538490526,85
60700,11.000197696821767,11,26.001186202683904,26,50.00355866890436,50,85.00817189899648,85
60800,11.000197371675975,11,26.001184251655992,26,50.00355281554288,50,85.00815845747285,85
60900,11.00019704758047,11,26.00118230698326,26,50.00354698140796,50,85.00814506007275,85
61000,11.000196724547582,11,26.00118036873998,26,50.00354116638461,50,85.00813170658606,85
61100,11.000196402582844,11,26.001178436796792,26,50.00353537036877,50,85.00811839680375,85
61200,11.000196081620377,11,26.00117651116556,26,50.00352959331506,50,85.00810513052826,85
61300,11.0001957617571,11,26.001174591857602,26,50.00352383512142,50,85.00809190752918,85
61400,11.00019544292005,11,26.001172678761016,26,50.00351809569704,50,85.0080787276591,85
61500,11.00019512513128,11,26.001170771899115,26,50.00351237492134,50,85.0080655906426,85
61600,11.000194808375266,11,26.001168871233226,26,50.00350667271906,50,85.00805249623595,85
61700,11.000194492605463,11,26.001166976730666,26,50.0035009890469,50,85.00803944435754,85
61800,11.000194177915578,11,26.00116508835111,26,50.00349532366057,50,85.00802643458854,85
61900,11.000193864203974,11,26.00116320608775,26,50.00348967667669,50,85.00801346694658,85
62000,11.000193551505921,11,26.00116132985054,26,50.00348404788046,50,85.00800054111497,85
62100,11.000193239822352,11,26.001159459699966,26,50.00347843717811,50,85.00798765691593,85
62200,11.000192929133394,11,26.001157595544417,26,50.0034728445702,50,85.0079748141872,85
62300,11.000192619470829,11,26.00115573740871,26,50.00346726992423,50,85.00796201268217,85
62400,11.00019231076263,11,26.001153885192558,26,50.003461713091276,50,85.0079492521695,85
62500,11.000192003061116,11,26.001152038905495,26,50.00345617405859,50,85.00793653248196,85
62600,11.000191696366729,11,26.001150198549634,26,50.00345065277696,50,85.00792385349959,85
62700,11.000191390613685,11,26.001148364008195,26,50.00344514907683,50,85.00791121491338,85
62800,11.000191085836791,11,26.001146535351364,26,50.00343966283479,50,85.00789861653068,85
62900,11.000190782036071,11,26.00114471249562,26,50.00343419416244,50,85.00788605835643,85
63000,11.000190479214956,11,26.001142895433297,26,50.00342874279979,50,85.00787353999671,85
63100,11.000190177345281,11,26.001141084135142,26,50.003423308686784,50,85.0078610612511,85
63200,11.000189876430198,11,26.001139278592245,26,50.00341789183856,50,85.00784862207922,85
63300,11.000189576434137,11,26.001137478675645,26,50.00341249198069,50,85.00783622216628,85
63400,11.000189277419754,11,26.001135684480285,26,50.00340710920146,50,85.00782386131861,85
63500,11.000188979361901,11,26.00113389596726,26,50.00340174345424,50,85.00781153948233,85
63600,11.000188682213999,11,26.00113211305453,26,50.003396394506986,50,85.0077992563667,85
63700,11.000188386003346,11,26.00113033573684,26,50.00339106240049,50,85.00778701185601,85
63800,11.00018809072546,11,26.001128563987145,26,50.00338574698304,50,85.00777480569225,85
63900,11.000187796347365,11,26.001126797777733,26,50.00338044821404,50,85.00776263775428,85
64000,11.00018750293883,11,26.00112503712997,26,50.003375166044,50,85.0077505078706,85
64100,11.000187210416971,11,26.001123281943883,26,50.00336990030071,50,85.00773841576209,85
64200,11.000186918801655,11,26.001121532225294,26,50.00336465097334,50,85.00772636138328,85
64300,11.000186628094948,11,26.00111978792963,26,50.00335941799958,50,85.00771434450311,85
64400,11.000186338309572,11,26.001118049104488,26,50.00335420126529,50,85.00770236493229,85
64500,11.000186049390223,11,26.001116315589638,26,50.00334900064697,50,85.00769042243046,85
64600,11.000185761388751,11,26.00111458749591,26,50.00334381620548,50,85.00767851698927,85
64700,11.00018547426388,11,26.001112864747604,26,50.00333864772767,50,85.00766664837444,85
64800,11.000185188060316,11,26.001111147325634,26,50.00333349528544,50,85.00765481637578,85
64900,11.000184902700488,11,26.00110943516711,26,50.00332835867597,50,85.00764302078584,85
65000,11.000184618225333,11,26.001107728287675,26,50.00332323788868,50,85.00763126159124,85
65100,11.000184334610923,11,26.00110602663034,26,50.00331813275252,50,85.00761953837785,85
65200,11.000184051905489,11,26.001104330224187,26,50.00331304335468,50,85.00760785123269,85
65300,11.000183770052367,11,26.00110263901828,26,50.00330796955678,50,85.00759619988128,85
65400,11.000183489038035,11,26.001100952960932,26,50.00330291124731,50,85.0075845841461,85
65500,11.000183208892444,11,26.001099272057868,26,50.003297868400026,50,85.00757300388916,85
65600,11.000182929620173,11,26.00109759630713,26,50.0032928409508,50,85.00756145899413,85
65700,11.00018265117469,11,26.001095925604215,26,50.0032878287609,50,85.0075499491878,85
65800,11.00018237358947,11,26.001094260033472,26,50.00328283187936,50,85.00753847437498,85
65900,11.000182096828611,11,26.001092599467174,26,50.00327785005431,50,85.00752703432163,85
66000,11.000181820947523,11,26.001090944003543,26,50.00327288340473,50,85.00751562904946,85
66100,11.000181545862443,11,26.001089293491464,26,50.0032679317409,50,85.00750425824725,85
66200,11.000181271632353,11,26.00108764799164,26,50.003262995083794,50,85.00749292183784,85
66300,11.000180998198749,11,26.00108600744695,26,50.003258073276676,50,85.00748161950528,85
66400,11.000180725624343,11,26.001084371851125,26,50.00325316630064,50,85.00747035130848,85
66500,11.000180453842955,11,26.001082741130997,26,50.00324827406902,50,85.00745911699016,85
66600,11.00018018289515,11,26.00108111535305,26,50.0032433965452,50,85.0074479163885,85
66700,11.000179912762436,11,26.00107949446528,26,50.00323853369112,50,85.0074367494565,85
66800,11.000179643392764,11,26.00107787836307,26,50.0032336853264,50,85.00742561585116,85
66900,11.000179374871117,11,26.001076267141297,26,50.00322885149862,50,85.00741451556259,85
67000,11.000179107156464,11,26.001074660731398,26,50.00322403209087,50,85.00740344843692,85
67100,11.000178840244718,11,26.00107305910869,26,50.003219227029035,50,85.00739241427938,85
67200,11.000178574090663,11,26.001071462240496,26,50.00321443628963,50,85.00738141299209,85
67300,11.000178308730945,11,26.001069870108513,26,50.00320965980307,50,85.00737044439178,85
67400,11.000178044202357,11,26.00106828275381,26,50.0032048974982,50,85.00735950841121,85
67500,11.00017778039198,11,26.001066700007485,26,50.003200149182405,50,85.0073486046204,85
67600,11.000177517448826,11,26.00106512204451,26,50.003195415096116,50,85.0073377333423,85
67700,11.000177255222093,11,26.00106354867972,26,50.00319069487877,50,85.0073268939972,85
67800,11.000176993763258,11,26.001061979982435,26,50.003185988663354,50,85.00731608675974,85
67900,11.000176733097653,11,26.001060415893868,26,50.00318129624335,50,85.00730531125656,85
68000,11.00017647316766,11,26.00105885639979,26,50.00317661763636,50,85.0072945674945,85
68100,11.000176214043789,11,26.001057301500687,26,50.00317195278346,50,85.00728385528906,85
68200,11.000175955675756,11,26.00105575116637,26,50.003167301624266,50,85.00727317445212,85
68300,11.000175698047048,11,26.001054205358557,26,50.003162664119735,50,85.00726252503091,85
68400,11.000175441144794,11,26.00105266403078,26,50.00315804007006,50,85.00725190658065,85
68500,11.000175185051047,11,26.00105112731088,26,50.00315342960025,50,85.00724131919536,85
68600,11.000174929669312,11,26.001049594984355,26,50.00314883255319,50,85.00723076271966,85
68700,11.000174675058819,11,26.00104806716309,26,50.00314424891471,50,85.00722023693004,85
68800,11.00017442113015,11,26.001046543737758,26,50.00313967857026,50,85.00720974177882,85
68900,11.000174167973064,11,26.001045024758696,26,50.00313512150302,50,85.00719927712778,85
69000,11.000173915539902,11,26.001043510184278,26,50.00313057760318,50,85.00718884266702,85
69100,11.000173663867054,11,26.001041999987628,26,50.00312604689731,50,85.00717843848906,85
69200,11.000173412898878,11,26.001040494172134,26,50.003121529288265,50,85.00716806446968,85
69300,11.000173162683218,11,26.00103899271777,26,50.00311702474657,50,85.00715772031613,85
69400,11.000172913164125,11,26.00103749556556,26,50.00311253311062,50,85.00714740592824,85
69500,11.000172664362433,11,26.00103600268671,26,50.00310805443292,50,85.00713712128017,85
69600,11.00017241625268,11,26.001034514144667,26,50.00310358867262,50,85.00712686617365,85
69700,11.000172168882715,11,26.00103302985591,26,50.0030991356716,50,85.0071166405194,85
69800,11.000171922250239,11,26.001031549836842,26,50.00309469546355,50,85.00710644412065,85
69900,11.000171676283045,11,26.001030074026048,26,50.003090267910764,50,85.0070962769094,85
70000,11.000171431025034,11,26.00102860243916,26,50.00308585307578,50,85.00708613879165,85
70100,11.000171186469712,11,26.00102713506824,26,50.003081450779355,50,85.00707602953462,85
70200,11.000170942594917,11,26.001025671873826,26,50.003077061120834,50,85.00706594916696,85
70300,11.00017069945245,11,26.001024212854936,26,50.0030726838324,50,85.00705589745401,85
70400,11.000170456965396,11,26.001022757924314,26,50.003068318995496,50,85.00704587419277,85
70500,11.000170215189412,11,26.001021307166084,26,50.00306396661286,50,85.00703587948223,85
70600,11.000169974066763,11,26.00101986051564,26,50.00305962650605,50,85.00702591303197,85
70700,11.000169733641384,11,26.001018417923397,26,50.00305529866742,50,85.00701597479109,85
70800,11.000169493925963,11,26.001016979496406,26,50.003050983151255,50,85.00700606473788,85
70900,11.000169254858436,11,26.00101554505078,26,50.00304667975153,50,85.00699618248242,85
71000,11.0001690164591,11,26.001014114677194,26,50.00304238844143,50,85.00698632814687,85
71100,11.000168778760164,11,26.001012688316557,26,50.00303810920105,50,85.00697650152448,85
71200,11.00016854169911,11,26.001011265940786,26,50.0030338420095,50,85.00696670250025,85
71300,11.000168305308017,11,26.001009847584676,26,50.003029586781594,50,85.00695693086156,85
71400,11.000168069587382,11,26.00100843318781,26,50.00302534349421,50,85.00694718674137,85
71500,11.000167834517814,11,26.00100702272884,26,50.003021112004184,50,85.00693746975158,85
71600,11.000167600091695,11,26.00100561622576,26,50.003016892365466,50,85.00692777999674,85
71700,11.000167366333152,11,26.001004213632715,26,50.00301268456774,50,85.00691811729354,85
71800,11.000167133234518,11,26.001002814998955,26,50.00300848840851,50,85.00690848142376,85
71900,11.000166900784052,11,26.001001420190157,26,50.00300430397872,50,85.00689887242568,85
72000,11.000166668977888,11,26.001000029310763,26,50.00300013116111,50,85.00688929007198,85
72100,11.000166437824102,11,26.00099864231344,26,50.00299596997304,50,85.00687973444037,85
72200,11.000166207294702,11,26.00099725909423,26,50.00299182021478,50,85.0068702050983,85
72300,11.00016597742571,11,26.000995879740962,26,50.00298768200574,50,85.00686070221886,85
72400,11.000165748156842,11,26.000994504148768,26,50.00298355514364,50,85.00685122555636,85
72500,11.00016551952001,11,26.00099313234878,26,50.00297943972217,50,85.00684177505914,85
72600,11.000165291527104,11,26.000991764380103,26,50.00297533564932,50,85.00683235059688,85
72700,11.000165064173892,11,26.000990400152663,26,50.00297124279955,50,85.00682295202064,85
72800,11.000164837411628,11,26.000989039632184,26,50.00296716123171,50,85.00681357925556,85
72900,11.000164611308604,11,26.00098768293775,26,50.00296309093139,50,85.00680423233402,85
73000,11.000164385824037,11,26.00098632988896,26,50.00295903168069,50,85.00679491084496,85
73100,11.000164160945284,11,26.000984980604443,26,50.002954983689925,50,85.00678561509166,85
73200,11.00016393667584,11,26.000983634910686,26,50.00295094655217,50,85.0067763444509,85
73300,11.000163713011043,11,26.00098229297475,26,50.002946920589906,50,85.00676709927895,85
73400,11.000163489982834,11,26.000980954662854,26,50.00294290549919,50,85.00675787924375,85
73500,11.000163267509045,11,26.00097961993816,26,50.002938901332705,50,85.00674868431983,85
73600,11.000163045699045,11,26.000978288934988,26,50.00293490818357,50,85.00673951448401,85
73700,11.000162824458199,11,26.00097696147721,26,50.00293092570281,50,85.00673036932669,85
73800,11.000162603818314,11,26.000975637657888,26,50.002926954104204,50,85.00672124909399,85
73900,11.000162383782616,11,26.000974317398047,26,50.00292299323274,50,85.00671215353528,85
74000,11.000162164362523,11,26.000973000733076,26,50.00291904311261,50,85.00670308255314,85
74100,11.000161945507777,11,26.000971687624272,26,50.0029151036605,50,85.00669403614253,85
74200,11.00016172722959,11,26.00097037800777,26,50.002911174701296,50,85.00668501390548,85
74300,11.000161509601064,11,26.000969071992376,26,50.002907256495455,50,85.00667601617032,85
74400,11.000161292480898,11,26.00096776938986,26,50.00290334867637,50,85.00666704245604,85
74500,11.00016107598753,11,26.000966470349887,26,50.0028994513793,50,85.00665809287713,85
74600,11.000160860061927,11,26.00096517474938,26,50.00289556453253,50,85.00664916732767,85
74700,11.000160644723493,11,26.0009638826717,26,50.002891688137865,50,85.00664026568711,85
74800,11.000160429950173,11,26.00096259398453,26,50.00288782208024,50,85.00663138780786,85
74900,11.000160215744703,11,26.00096130877081,26,50.00288396632641,50,85.00662253361477,85
75000,11.000160002130615,11,26.000960027005455,26,50.00288012090059,50,85.00661370314322,85
75100,11.000159789106515,11,26.000958748679718,26,50.002876285743106,50,85.00660489618545,85
75200,11.00015957660835,11,26.00095747370942,26,50.00287246068471,50,85.00659611256023,85
75300,11.000159364642748,11,26.000956202068267,26,50.00286864578041,50,85.00658735214672,85
75400,11.000159153295861,11,26.00095493387188,26,50.00286484109314,50,85.00657861521107,85
75500,11.000158942511769,11,26.000953669051913,26,50.002861046434134,50,85.00656990132369,85
75600,11.000158732259395,11,26.00095240755619,26,50.00285726183113,50,85.00656121052961,85
75700,11.000158522578904,11,26.00095114939091,26,50.002853487202195,50,85.0065525425996,85
75800,11.00015831342648,11,26.00094989452841,26,50.00284972256527,50,85.00654389762144,85
75900,11.000158104833881,11,26.00094864299124,26,50.00284596785351,50,85.00653527543763,85
76000,11.000157896799246,11,26.00094739473436,26,50.00284222299909,50,85.00652667595587,85
76100,11.000157689320673,11,26.00094614977988,26,50.00283848800083,50,85.00651809901443,85
76200,11.000157482400441,11,26.000944908107506,26,50.00283476281456,50,85.00650954461416,85
76300,11.000157275977282,11,26.000943669620415,26,50.00283104735297,50,85.00650101261485,85
76400,11.00015707009983,11,26.000942434407666,26,50.00282734164643,50,85.00649250296742,85
76500,11.00015686479147,11,26.000941202439684,26,50.00282364563989,50,85.00648401557868,85
76600,11.000156659986374,11,26.000939973661023,26,50.002819959217945,50,85.00647555030679,85
76700,11.00015645572904,11,26.000938748100904,26,50.002816282451256,50,85.00646710716961,85
76800,11.000156252021537,11,26.000937525737353,26,50.00281261529097,50,85.00645868595355,85
76900,11.000156048827483,11,26.000936306590756,26,50.00280895766171,50,85.00645028678825,85
77000,11.000155846157302,11,26.000935090553195,26,50.00280530949571,50,85.006441909277,85
77100,11.000155644021435,11,26.00093387768718,26,50.00280167079274,50,85.00643355349902,85
77200,11.0001554424432,11,26.000932668029662,26,50.002798041629134,50,85.00642521955407,85
77300,11.000155241338732,11,26.00093146142018,26,50.002794421712004,50,85.00641690699611,85
77400,11.000155040744005,11,26.0009302579035,26,50.002790811193236,50,85.00640861594265,85
77500,11.000154840716652,11,26.000929057550255,26,50.00278720994101,50,85.00640034628255,85
77600,11.00015464118535,11,26.000927860310615,26,50.00278361808067,50,85.00639209799743,85
77700,11.00015444213013,11,26.000926666099822,26,50.00278003542716,50,85.00638387094692,85
77800,11.000154243621587,11,26.000925474996603,26,50.00277646199254,50,85.00637566503609,85
77900,11.000154045639835,11,26.000924286950177,26,50.00277289772785,50,85.00636748018987,85
78000,11.00015384814321,11,26.00092310191798,26,50.002769342522726,50,85.00635931621467,85
78100,11.000153651124483,11,26.00092191992641,26,50.00276579654312,50,85.0063511733308,85
78200,11.000153454650157,11,26.000920740958417,26,50.00276225949522,50,85.00634305112912,85
78300,11.000153258669688,11,26.000919565057533,26,50.00275873163076,50,85.00633494980121,85
78400,11.000153063180118,11,26.000918392067135,26,50.00275521265391,50,85.00632686900316,85
78500,11.000152868174087,11,26.000917222117238,26,50.00275170272871,50,85.0063188089154,85
78600,11.000152673709616,11,26.000916055172535,26,50.002748201714056,50,85.00631076930347,85
78700,11.00015247970956,11,26.000914891118725,26,50.00274470956373,50,85.006302750066,85
78800,11.00015228618384,11,26.00091373005073,26,50.002741226265776,50,85.00629475118743,85
78900,11.000152093173053,11,26.00091257193237,26,50.00273775178134,50,85.00628677258514,85
79000,11.000151900656586,11,26.000911416779754,26,50.00273428619368,50,85.00627881430658,85
79100,11.000151708635643,11,26.000910264494717,26,50.002730829296134,50,85.00627087602494,85
79200,11.00015151705865,11,26.000909115154304,26,50.002727381126725,50,85.00626295785032,85
79300,11.000151325992597,11,26.000907968668496,26,50.002723941661515,50,85.00625505963245,85
79400,11.00015113540341,11,26.00090682511415,26,50.0027205109024,50,85.00624718128532,85
79500,11.000150945292123,11,26.00090568442711,26,50.00271708870954,50,85.00623932279186,85
79600,11.000150755655328,11,26.000904546586927,26,50.00271367512752,50,85.00623148403223,85
79700,11.000150566524963,11,26.000903411643677,26,50.002710270200616,50,85.00622366502638,85
79800,11.000150377822363,11,26.000902279514623,26,50.00270687373368,50,85.0062158654788,85
79900,11.00015018962367,11,26.000901150231776,26,50.00270348575182,50,85.00620808553927,85
80000,11.000150001854392,11,26.000900023738325,26,50.00270010622653,50,85.00620032497532,85
80100,11.000149814599713,11,26.00089890008373,26,50.00269673516422,50,85.0061925838546,85
80200,11.000149627793846,11,26.0008977792285,26,50.00269337251746,50,85.00618486200355,85
80300,11.0001494414598,11,26.00089666116845,26,50.002690018273775,50,85.0061771594072,85
80400,11.000149255589434,11,26.0008955458903,26,50.00268667237551,50,85.00616947597352,85
80500,11.000149070174535,11,26.000894433380527,26,50.002683334764235,50,85.00616181168039,85
80600,11.000148885193408,11,26.000893323616456,26,50.002680005443445,50,85.00615416637481,85
80700,11.000148700758606,11,26.000892216664734,26,50.00267668436242,50,85.00614654001849,85
80800,11.000148516709626,11,26.00089111242174,26,50.002673371550436,50,85.00613893252243,85
80900,11.000148333123146,11,26.000890010881996,26,50.002670066811966,50,85.00613134380971,85
81000,11.000148149959303,11,26.000888912021853,26,50.00266677025579,50,85.00612377377502,85
81100,11.00014796731306,11,26.000887815979468,26,50.00266348193674,50,85.00611622257252,85
81200,11.000147785095026,11,26.000886722578,26,50.00266020166608,50,85.0061086898919,85
81300,11.000147603269495,11,26.00088563182012,26,50.00265692936202,50,85.00610117565496,85
81400,11.000147421949674,11,26.000884543807764,26,50.002653665258215,50,85.00609367999449,85
81500,11.000147241050247,11,26.000883458462265,26,50.002650409118516,50,85.00608620277143,85
81600,11.000147060625867,11,26.000882375749722,26,50.00264716089544,50,85.00607874374091,85
81700,11.000146880613519,11,26.000881295726618,26,50.00264392070409,50,85.006071303064,85
81800,11.000146701054293,11,26.00088021831335,26,50.00264068841451,50,85.00606388050652,85
81900,11.000146521948537,11,26.00087914354799,26,50.00263746401387,50,85.00605647616403,85
82000,11.00014634325106,11,26.000878071377613,26,50.00263424750707,50,85.0060490898858,85
82100,11.000146165012136,11,26.00087700184916,26,50.00263103874366,50,85.0060417215331,85
82200,11.000145987163616,11,26.0008759348819,26,50.00262783788231,50,85.00603437108407,85
82300,11.000145809778626,11,26.000874870549886,26,50.002624644762236,50,85.00602703855701,85
82400,11.000145632807124,11,26.0008738087719,26,50.00262145935873,50,85.00601972383674,85
82500,11.00014545630871,11,26.000872749612707,26,50.00261828171975,50,85.00601242680644,85
82600,11.000145280233209,11,26.000871692990547,26,50.00261511181977,50,85.00600514753125,85
82700,11.00014510454854,11,26.0008706389333,26,50.00261194952253,50,85.0059978858003,85
82800,11.000144929300586,11,26.000869587386106,26,50.00260879479182,50,85.00599064154312,85
82900,11.000144754461793,11,26.00086853840416,26,50.00260564781176,50,85.00598341487222,85
83000,11.000144580082786,11,26.00086749195985,26,50.00260250835228,50,85.00597620560012,85
83100,11.00014440608524,11,26.000866448025292,26,50.00259937644012,50,85.00596901355598,85
83200,11.000144232524375,11,26.00086540660006,26,50.00259625209254,50,85.00596183895064,85
83300,11.000144059326177,11,26.0008643676096,26,50.00259313514148,50,85.0059546814216,85
83400,11.000143886633847,11,26.000863331210358,26,50.00259002583439,50,85.00594754131207,85
83500,11.000143714266795,11,26.000862297207117,26,50.00258692388183,50,85.00594041814095,85
83600,11.000143542373024,11,26.000861265747023,26,50.00258382933599,50,85.00593331198549,85
83700,11.000143370910738,11,26.00086023676406,26,50.00258074222105,50,85.00592622281555,85
83800,11.000143199810005,11,26.000859210210372,26,50.00257766254232,50,85.0059191506651,85
83900,11.000143029107656,11,26.00085818604708,26,50.00257458997874,50,85.0059120952367,85
84000,11.000142858836012,11,26.00085716439351,26,50.00257152500003,50,85.00590505672024,85
84100,11.000142688976183,11,26.000856145173373,26,50.0025684671721,50,85.00589803494623,85
84200,11.00014251949046,11,26.000855128309887,26,50.002565416544485,50,85.00589102968735,85
84300,11.000142350453253,11,26.00085411391297,26,50.002562373241524,50,85.0058840412011,85
84400,11.000142181808119,11,26.000853101942997,26,50.002559337200324,50,85.00587706931428,85
84500,11.000142013531159,11,26.00085209229438,26,50.00255630825412,50,85.00587011381916,85
84600,11.000141845650003,11,26.000851085095725,26,50.002553286545,50,85.00586317486788,85
84700,11.000141678197089,11,26.00085008024102,26,50.00255027186738,50,85.00585625215635,85
84800,11.000141511092016,11,26.000849077736618,26,50.00254726431562,50,85.00584934579246,85
84900,11.000141344423646,11,26.00084807762648,26,50.00254426394649,50,85.00584245582719,85
85000,11.000141178144407,11,26.00084707988861,26,50.00254127059961,50,85.00583558199494,85
85100,11.000141012211206,11,26.000846084415745,26,50.0025382842174,50,85.00582872432551,85
85200,11.00014084674626,11,26.000845091374316,26,50.002535304978174,50,85.00582188283394,85
85300,11.000140681588238,11,26.000844100590502,26,50.002532332644,50,85.00581505732613,85
85400,11.000140516854731,11,26.0008431121645,26,50.00252936721256,50,85.00580824774381,85
85500,11.000140352516727,11,26.00084212607345,26,50.002526408861485,50,85.00580145417472,85
85600,11.000140188549812,11,26.000841142246788,26,50.002523457265276,50,85.00579467643543,85
85700,11.000140024943711,11,26.000840160699088,26,50.00252051263882,50,85.00578791444069,85
85800,11.00013986178334,11,26.00083918152113,26,50.00251757493101,50,85.00578116838993,85
85900,11.000139698968026,11,26.000838204565557,26,50.00251464396617,50,85.00577443786757,85
86000,11.0001395365255,11,26.000837229884734,26,50.00251171988256,50,85.00576772312847,85
86100,11.000139374464489,11,26.000836257454672,26,50.002508802551056,50,85.00576102391166,85
86200,11.000139212731534,11,26.000835287260742,26,50.00250589192776,50,85.00575434016959,85
86300,11.000139051450168,11,26.00083431939353,26,50.002502988265285,50,85.0057476721747,85
86400,11.000138890485479,11,26.000833353694528,26,50.002500091107215,50,85.0057410193462,85
86500,11.000138729917992,11,26.000832390263675,26,50.00249720075338,50,85.00573438211303,85
86600,11.000138569737251,11,26.000831429037827,26,50.00249431703356,50,85.0057277600737,85
86700,11.000138409894227,11,26.000830470068944,26,50.00249144000745,50,85.00572115340168,85
86800,11.000138250464925,11,26.000829513312745,26,50.002488569561216,50,85.0057145618754,85
86900,11.00013809133273,11,26.000828558647466,26,50.0024857056574,50,85.00570798546448,85
87000,11.00013793262194,11,26.000827606279074,26,50.00248284847051,50,85.00570142428256,85
87100,11.000137774239834,11,26.00082665607593,26,50.00247999779844,50,85.00569487811917,85
87200,11.000137616282032,11,26.000825708108984,26,50.00247715371857,50,85.00568834703797,85
87300,11.000137458602268,11,26.00082476219742,26,50.00247431601759,50,85.00568183080186,85
87400,11.00013730134954,11,26.00082381853792,26,50.00247148493695,50,85.00567532949695,85
87500,11.000137144396648,11,26.000822876949087,26,50.00246866022343,50,85.00566884309727,85
87600,11.000136987839483,11,26.00082193757927,26,50.002465842030844,50,85.00566237150802,85
87700,11.00013683166725,11,26.00082100036319,26,50.00246303026026,50,85.0056559147014,85
87800,11.00013667582036,11,26.000820065254665,26,50.002460224909456,50,85.00564947258059,85
87900,11.000136520351148,11,26.00081913233406,26,50.00245742594662,50,85.00564304516955,85
88000,11.000136365170517,11,26.00081820141822,26,50.00245463327112,50,85.00563663224258,85
88100,11.00013621036989,11,26.0008172726654,26,50.00245184692827,50,85.00563023389992,85
88200,11.00013605593828,11,26.000816346048428,26,50.00244906697309,50,85.00562385007022,85
88300,11.000135901903839,11,26.00081542157911,26,50.00244629338215,50,85.00561748087726,85
88400,11.000135748172156,11,26.000814499121994,26,50.00244352594511,50,85.00561112586063,85
88500,11.000135594746627,11,26.000813578737443,26,50.002440764804135,50,85.00560478540227,85
88600,11.000135441704424,11,26.000812660417125,26,50.00243800983615,50,85.00559845906376,85
88700,11.000135289019651,11,26.00081174424121,26,50.002435261163406,50,85.00559214709834,85
88800,11.00013513666628,11,26.000810830092956,26,50.00243251867184,50,85.00558584940481,85
88900,11.000134984647756,11,26.000809917993188,26,50.00242978234529,50,85.00557956581179,85
89000,11.000134832962589,11,26.000809007972595,26,50.00242705221661,50,85.00557329642804,85
89100,11.000134681663667,11,26.00080809999268,26,50.00242432817017,50,85.00556704095168,85
89200,11.000134530650605,11,26.00080719400477,26,50.00242161011925,50,85.00556079950961,85
89300,11.000134380001008,11,26.000806290039197,26,50.00241889825403,50,85.00555457216917,85
89400,11.000134229653858,11,26.000805388126334,26,50.002416192408,50,85.00554835865992,85
89500,11.000134079691925,11,26.000804488246924,26,50.00241349272163,50,85.00554215912196,85
89600,11.000133930064049,11,26.00080359033178,26,50.00241079900747,50,85.0055359733919,85
89700,11.000133780738738,11,26.00080269447068,26,50.00240811127617,50,85.00552980144454,85
89800,11.000133631784038,11,26.00080180059416,26,50.00240542957798,50,85.00552364327378,85
89900,11.000133483143532,11,26.0008009086823,26,50.002402753773545,50,85.00551749871826,85
90000,11.000133334835473,11,26.000800018804895,26,50.00240008401231,50,85.0055113679799,85
90100,11.000133186843167,11,26.000799130821925,26,50.002397420074054,50,85.00550525065584,85
90200,11.000133039174868,11,26.00079824486302,26,50.00239476204773,50,85.00549914699663,85
90300,11.000132891843865,11,26.00079736084779,26,50.00239210997233,50,85.0054930568073,85
90400,11.000132744833385,11,26.000796478795746,26,50.00238946378635,50,85.00548698020248,85
90500,11.000132598156705,11,26.000795598666116,26,50.00238682336749,50,85.00548091698526,85
90600,11.000132451817088,11,26.000794720518464,26,50.00238418885419,50,85.00547486712829,85
90700,11.000132305762417,11,26.000793844281606,26,50.00238156005291,50,85.00546883061855,85
90800,11.000132160051216,11,26.000792969984776,26,50.00237893711177,50,85.0054628073719,85
90900,11.00013201463629,11,26.000792097586608,26,50.00237631994718,50,85.00545679744948,85
91000,11.000131869566198,11,26.000791227095988,26,50.002373708485024,50,85.00545080057377,85
91100,11.000131724834075,11,26.000790358633,26,50.0023711028023,50,85.00544481704686,85
91200,11.000131580387448,11,26.000789491963808,26,50.00236850278375,50,85.00543884660986,85
91300,11.000131436290165,11,26.000788627228495,26,50.0023659085262,50,85.00543288920976,85
91400,11.000131292464275,11,26.00078776436473,26,50.002363319923724,50,85.00542694485375,85
91500,11.000131148953379,11,26.000786903391102,26,50.00236073695093,50,85.00542101342656,85
91600,11.000131005791083,11,26.000786044305862,26,50.00235815960244,50,85.00541509498474,85
91700,11.00013086292968,11,26.00078518710716,26,50.002355587954014,50,85.0054091895438,85
91800,11.000130720392587,11,26.00078433177268,26,50.002353021857324,50,85.00540329696588,85
91900,11.000130578111477,11,26.00078347825953,26,50.002350461346786,50,85.00539741712217,85
92000,11.000130436196466,11,26.00078262665733,26,50.00234790638524,50,85.0053915501126,85
92100,11.000130294594525,11,26.000781776892392,26,50.00234535709869,50,85.00538569583243,85
92200,11.000130153242154,11,26.000780928911123,26,50.002342813142626,50,85.00537985418615,85
92300,11.00013001226001,11,26.000780082864562,26,50.00234027486763,50,85.00537402530283,85
92400,11.000129871533318,11,26.000779238596557,26,50.002337742030534,50,85.00536820905499,85
92500,11.00012973114705,11,26.000778396124808,26,50.00233521460261,50,85.00536240523716,85
92600,11.000129591058023,11,26.000777555559516,26,50.002332692770594,50,85.0053566140998,85
92700,11.000129451233148,11,26.000776716702543,26,50.002330176207266,50,85.00535083534855,85
92800,11.000129311747356,11,26.000775879715412,26,50.0023276651504,50,85.0053450691148,85
92900,11.000129172531503,11,26.000775044512746,26,50.00232515946728,50,85.00533931526185,85
93000,11.000129033665836,11,26.00077421112228,26,50.00232265926184,50,85.0053335738325,85
93100,11.000128895044892,11,26.00077337953046,26,50.00232016443155,50,85.00532784476597,85
93200,11.000128756728294,11,26.000772549682214,26,50.002317674873176,50,85.00532212787641,85
93300,11.000128618739657,11,26.000771721636088,26,50.002315190679646,50,85.00531642334447,85
93400,11.000128481009362,11,26.000770895347127,26,50.0023127117989,50,85.0053107310296,85
93500,11.000128343607608,11,26.000770070863517,26,50.0023102381888,50,85.00530505069149,85
93600,11.000128206469803,11,26.000769248088105,26,50.00230776991072,50,85.00529938268065,85
93700,11.000128069661091,11,26.0007684271209,26,50.002305306890875,50,85.00529372680244,85
93800,11.000127933095886,11,26.000767607864407,26,50.00230284914864,50,85.00528808292857,85
93900,11.000127796886298,11,26.000766790366583,26,50.00230039655732,50,85.00528245094014,85
94000,11.0001276609414,11,26.000765974623345,26,50.00229794927123,50,85.00527683108776,85
94100,11.000127525227326,11,26.000765160557393,26,50.00229550712128,50,85.00527122318897,85
94200,11.000127389866925,11,26.00076434832109,26,50.00229307029301,50,85.00526562723792,85
94300,11.000127254795112,11,26.000763537774265,26,50.002290638511916,50,85.0052600430398,85
94400,11.000127120014636,11,26.000762728933264,26,50.002288211910816,50,85.00525447074949,85
94500,11.00012698548103,11,26.00076192182493,26,50.00228579050751,50,85.00524891019168,85
94600,11.00012685122315,11,26.000761116371134,26,50.002283374088584,50,85.00524336136837,85
94700,11.000126717285733,11,26.000760312630018,26,50.0022809628706,50,85.00523782443346,85
94800,11.000126583618968,11,26.00075951055464,26,50.00227855667086,50,85.00523229896221,85
94900,11.000126450220234,11,26.000758710213713,26,50.002276155505875,50,85.0052267851545,85
95000,11.000126317123808,11,26.00075791160233,26,50.00227375961355,50,85.00522128313156,85
95100,11.000126184274345,11,26.00075711459935,26,50.002271368609605,50,85.00521579263969,85
95200,11.000126051753666,11,26.000756319315585,26,50.00226898259415,50,85.00521031354002,85
95300,11.000125919479926,11,26.00075552564006,26,50.002266601614636,50,85.00520484598366,85
95400,11.000125787498021,11,26.000754733715457,26,50.00226422571846,50,85.00519938999464,85
95500,11.000125655789413,11,26.00075394343054,26,50.00226185474102,50,85.0051939454059,85
95600,11.000125524324854,11,26.00075315469475,26,50.00225948862294,50,85.00518851205985,85
95700,11.00012539318122,11,26.000752367714593,26,50.0022571275169,50,85.00518309020147,85
95800,11.000125262249563,11,26.00075158230384,26,50.002254771310106,50,85.00517767958172,85
95900,11.000125131617441,11,26.00075079856289,26,50.00225242013401,50,85.00517228043464,85
96000,11.00012500130349,11,26.00075001651789,26,50.00225007379003,50,85.00516689238188,85
96100,11.000124871241056,11,26.00074923602432,26,50.00224773233456,50,85.00516151559782,85
96200,11.000124741432622,11,26.00074845718264,26,50.002245395727975,50,85.0051561499742,85
96300,11.000124611907397,11,26.000747679954685,26,50.0022430640051,50,85.0051507954178,85
96400,11.00012448263584,11,26.00074690437699,26,50.00224073710443,50,85.00514545206487,85
96500,11.000124353582915,11,26.000746130282593,26,50.002238414931824,50,85.00514011967118,85
96600,11.000124224901118,11,26.000745357900627,26,50.002236097660735,50,85.00513479844713,85
96700,11.000124096426859,11,26.00074458710681,26,50.002233785282606,50,85.00512948827597,85
96800,11.000123968243036,11,26.000743817883745,26,50.00223147755222,50,85.0051241889648,85
96900,11.000123840287651,11,26.0007430502462,26,50.00222917464277,50,85.00511890063697,85
97000,11.000123712627666,11,26.00074228420893,26,50.00222687646947,50,85.00511362320047,85
97100,11.000123585233286,11,26.000741519765118,26,50.00222458296858,50,85.0051083565732,85
97200,11.000123458042216,11,26.00074075679997,26,50.00222229414067,50,85.00510310079116,85
97300,11.000123331180928,11,26.000739995511406,26,50.00222001016978,50,85.00509785587376,85
97400,11.000123204538513,11,26.00073923570883,26,50.00221773076472,50,85.00509262173202,85
97500,11.000123078193024,11,26.000738477558006,26,50.00221545616332,50,85.00508739834646,85
97600,11.000122952103634,11,26.00073772090025,26,50.002213186149135,50,85.00508218555632,85
97700,11.000122826245606,11,26.000736965760566,26,50.0022109207758,50,85.00507698353059,85
97800,11.000122700659242,11,26.000736212250864,26,50.00220866014045,50,85.00507179224306,85
97900,11.00012257530348,11,26.000735460168254,26,50.00220640393826,50,85.00506661127034,85
98000,11.000122450229563,11,26.000734709689755,26,50.0022041524179,50,85.00506144109539,85
98100,11.000122325407247,11,26.00073396072078,26,50.00220190551302,50,85.00505628136953,85
98200,11.000122200855218,11,26.000733213329823,26,50.00219966318952,50,85.00505113221655,85
98300,11.000122076515835,11,26.00073246738918,26,50.00219742539122,50,85.00504599353121,85
98400,11.000121952473227,11,26.00073172301088,26,50.002195192127004,50,85.00504086519638,85
98500,11.000121828653297,11,26.00073098014334,26,50.00219296350411,50,85.00503574738403,85
98600,11.00012170509657,11,26.000730238767538,26,50.002190739356344,50,85.00503063993244,85
98700,11.000121581750589,11,26.00072949887528,26,50.00218851965912,50,85.00502554285971,85
98800,11.000121458760114,11,26.00072876054604,26,50.00218630451923,50,85.00502045607394,85
98900,11.000121335908146,11,26.000728023617988,26,50.00218409380215,50,85.00501537949341,85
99000,11.000121213350488,11,26.000727288236337,26,50.00218188759248,50,85.00501031327754,85
99100,11.000121091018027,11,26.0007265542938,26,50.00217968576597,50,85.00500525723946,85
99200,11.000120968973516,11,26.000725821902833,26,50.00217748846198,50,85.00500021141136,85
99300,11.000120847131127,11,26.000725090944815,26,50.002175295544724,50,85.00499517570951,85
99400,11.00012072555365,11,26.000724361444032,26,50.00217310706524,50,85.00499015020944,85
99500,11.000120604193658,11,26.000723633424816,26,50.002170922942085,50,85.00498513469937,85
99600,11.000120483147276,11,26.000722906889436,26,50.002168743248156,50,85.00498012935344,85
99700,11.000120362289623,11,26.000722181795837,26,50.00216656787934,50,85.00497513403606,85
99800,11.000120241683675,11,26.000721458123905,26,50.0021643968861,50,85.00497014864405,85
99900,11.000120121337188,11,26.000720735964293,26,50.002162230252374,50,85.00496517335068,85
100000,11.000120001191332,11,26.000720015185934,26,50.00216006800628,50,85.00496020804093,85
